-- phpMyAdmin SQL Dump
-- version 5.2.0
-- https://www.phpmyadmin.net/
--
-- Host: 127.0.0.1
-- Generation Time: Mar 24, 2023 at 09:47 PM
-- Server version: 10.4.24-MariaDB
-- PHP Version: 8.1.6

SET SQL_MODE = "NO_AUTO_VALUE_ON_ZERO";
START TRANSACTION;
SET time_zone = "+00:00";


/*!40101 SET @OLD_CHARACTER_SET_CLIENT=@@CHARACTER_SET_CLIENT */;
/*!40101 SET @OLD_CHARACTER_SET_RESULTS=@@CHARACTER_SET_RESULTS */;
/*!40101 SET @OLD_COLLATION_CONNECTION=@@COLLATION_CONNECTION */;
/*!40101 SET NAMES utf8mb4 */;

--
-- Database: `spa`
--

-- --------------------------------------------------------

--
-- Table structure for table `account`
--

CREATE TABLE `account` (
  `account_id` int(11) NOT NULL,
  `account_name` varchar(255) NOT NULL,
  `account_type` varchar(10) NOT NULL COMMENT 'Debet,Kredit',
  `store_id` int(11) NOT NULL,
  `account_sort` int(11) NOT NULL
) ENGINE=InnoDB DEFAULT CHARSET=utf8mb4;

--
-- Dumping data for table `account`
--

INSERT INTO `account` (`account_id`, `account_name`, `account_type`, `store_id`, `account_sort`) VALUES
(1, 'Modal Awal', 'Debet', 1, 1),
(2, 'Pembayaran Cash', 'Debet', 1, 2),
(3, 'Pembayaran Cek', 'Debet', 1, 3),
(4, 'Pembayaran Kartu', 'Debet', 1, 4),
(5, 'Pembayaran Transfer Bank', 'Debet', 1, 5),
(6, 'Pembayaran  COD', 'Debet', 1, 6),
(7, 'Pembayaran OVO', 'Debet', 1, 7),
(8, 'Pembayaran Gopay', 'Debet', 1, 8),
(9, 'Pembayaran Kustom 4', 'Debet', 1, 9),
(10, 'Pembayaran Kustom 5', 'Debet', 1, 10),
(11, 'Pembayaran Kustom 6', 'Debet', 1, 11),
(12, 'Pembayaran Kustom 7', 'Debet', 1, 12),
(13, 'Pembayaran Lainnya', 'Debet', 1, 13),
(14, 'Refund', 'Kredit', 1, 1),
(15, 'Penarikan oleh Owner', 'Kredit', 1, 2),
(16, 'Pembelian ke Supplier', 'Kredit', 1, 3);

-- --------------------------------------------------------

--
-- Table structure for table `bank`
--

CREATE TABLE `bank` (
  `bank_id` int(11) NOT NULL,
  `bank_name` varchar(100) NOT NULL,
  `store_id` int(11) NOT NULL
) ENGINE=InnoDB DEFAULT CHARSET=utf8mb4;

--
-- Dumping data for table `bank`
--

INSERT INTO `bank` (`bank_id`, `bank_name`, `store_id`) VALUES
(1, 'BCA', 1),
(2, 'Mandiri', 1);

-- --------------------------------------------------------

--
-- Table structure for table `buy`
--

CREATE TABLE `buy` (
  `buy_id` bigint(20) UNSIGNED NOT NULL,
  `buy_price` int(11) NOT NULL,
  `product_id` int(11) NOT NULL,
  `buy_date_active` timestamp NOT NULL DEFAULT current_timestamp() ON UPDATE current_timestamp(),
  `created_at` timestamp NULL DEFAULT NULL,
  `updated_at` timestamp NULL DEFAULT NULL
) ENGINE=InnoDB DEFAULT CHARSET=utf8mb4 COLLATE=utf8mb4_unicode_ci;

-- --------------------------------------------------------

--
-- Table structure for table `category`
--

CREATE TABLE `category` (
  `category_id` bigint(20) UNSIGNED NOT NULL,
  `category_name` varchar(255) COLLATE utf8mb4_unicode_ci NOT NULL,
  `category_lanjutan` int(11) NOT NULL,
  `store_id` int(11) NOT NULL,
  `category_datetime` datetime NOT NULL DEFAULT current_timestamp(),
  `category_unique` int(11) NOT NULL
) ENGINE=InnoDB DEFAULT CHARSET=utf8mb4 COLLATE=utf8mb4_unicode_ci;

--
-- Dumping data for table `category`
--

INSERT INTO `category` (`category_id`, `category_name`, `category_lanjutan`, `store_id`, `category_datetime`, `category_unique`) VALUES
(5, 'MINUMAN', 0, 0, '2022-12-15 06:19:10', 0),
(6, 'MAKANAN', 0, 0, '2022-12-15 06:19:46', 0),
(19, 'LOKER', 0, 0, '2023-03-11 13:14:07', 1),
(20, 'Non Category', 0, 0, '2023-03-11 17:17:45', 0),
(21, 'ROOM', 0, 0, '2023-03-11 17:27:21', 1),
(22, 'Therapist', 0, 0, '2023-03-11 22:51:46', 1),
(23, 'ROOM LANJUTAN', 21, 0, '2023-03-11 22:52:52', 1);

-- --------------------------------------------------------

--
-- Table structure for table `company`
--

CREATE TABLE `company` (
  `company_id` bigint(20) UNSIGNED NOT NULL,
  `company_name` varchar(255) COLLATE utf8mb4_unicode_ci NOT NULL,
  `company_address` text COLLATE utf8mb4_unicode_ci NOT NULL,
  `company_phone` varchar(255) COLLATE utf8mb4_unicode_ci NOT NULL,
  `company_wa` varchar(255) COLLATE utf8mb4_unicode_ci NOT NULL,
  `company_owner` varchar(255) COLLATE utf8mb4_unicode_ci NOT NULL,
  `company_date` date NOT NULL,
  `company_active` tinyint(1) NOT NULL,
  `created_at` timestamp NULL DEFAULT NULL,
  `updated_at` timestamp NULL DEFAULT NULL
) ENGINE=InnoDB DEFAULT CHARSET=utf8mb4 COLLATE=utf8mb4_unicode_ci;

-- --------------------------------------------------------

--
-- Table structure for table `courier`
--

CREATE TABLE `courier` (
  `courier_id` int(11) NOT NULL,
  `courier_name` varchar(100) NOT NULL,
  `store_id` int(11) NOT NULL
) ENGINE=InnoDB DEFAULT CHARSET=utf8mb4;

-- --------------------------------------------------------

--
-- Table structure for table `dollar`
--

CREATE TABLE `dollar` (
  `dollar_id` bigint(20) UNSIGNED NOT NULL,
  `dollar_curs` int(11) NOT NULL,
  `dollar_date_active` timestamp NOT NULL DEFAULT current_timestamp() ON UPDATE current_timestamp(),
  `created_at` timestamp NULL DEFAULT NULL,
  `updated_at` timestamp NULL DEFAULT NULL
) ENGINE=InnoDB DEFAULT CHARSET=utf8mb4 COLLATE=utf8mb4_unicode_ci;

-- --------------------------------------------------------

--
-- Table structure for table `euro`
--

CREATE TABLE `euro` (
  `euro_id` bigint(20) UNSIGNED NOT NULL,
  `euro_curs` int(11) NOT NULL,
  `euro_date_active` timestamp NOT NULL DEFAULT current_timestamp() ON UPDATE current_timestamp(),
  `created_at` timestamp NULL DEFAULT NULL,
  `updated_at` timestamp NULL DEFAULT NULL
) ENGINE=InnoDB DEFAULT CHARSET=utf8mb4 COLLATE=utf8mb4_unicode_ci;

-- --------------------------------------------------------

--
-- Table structure for table `failed_jobs`
--

CREATE TABLE `failed_jobs` (
  `id` bigint(20) UNSIGNED NOT NULL,
  `uuid` varchar(255) COLLATE utf8mb4_unicode_ci NOT NULL,
  `connection` text COLLATE utf8mb4_unicode_ci NOT NULL,
  `queue` text COLLATE utf8mb4_unicode_ci NOT NULL,
  `payload` longtext COLLATE utf8mb4_unicode_ci NOT NULL,
  `exception` longtext COLLATE utf8mb4_unicode_ci NOT NULL,
  `failed_at` timestamp NOT NULL DEFAULT current_timestamp()
) ENGINE=InnoDB DEFAULT CHARSET=utf8mb4 COLLATE=utf8mb4_unicode_ci;

-- --------------------------------------------------------

--
-- Table structure for table `identity`
--

CREATE TABLE `identity` (
  `identity_id` bigint(20) UNSIGNED NOT NULL,
  `identity_name` varchar(255) COLLATE utf8mb4_unicode_ci NOT NULL,
  `identity_address` text COLLATE utf8mb4_unicode_ci NOT NULL,
  `identity_phone` varchar(255) COLLATE utf8mb4_unicode_ci NOT NULL,
  `identity_wa` varchar(255) COLLATE utf8mb4_unicode_ci NOT NULL,
  `identity_owner` varchar(255) COLLATE utf8mb4_unicode_ci NOT NULL,
  `identity_logo` text COLLATE utf8mb4_unicode_ci NOT NULL,
  `identity_about` text COLLATE utf8mb4_unicode_ci NOT NULL,
  `created_at` timestamp NULL DEFAULT NULL,
  `updated_at` timestamp NULL DEFAULT NULL
) ENGINE=InnoDB DEFAULT CHARSET=utf8mb4 COLLATE=utf8mb4_unicode_ci;

--
-- Dumping data for table `identity`
--

INSERT INTO `identity` (`identity_id`, `identity_name`, `identity_address`, `identity_phone`, `identity_wa`, `identity_owner`, `identity_logo`, `identity_about`, `created_at`, `updated_at`) VALUES
(1, 'TokoQit', 'Pasir Putih, Sawangan, Depok, Jabar. Indonesia', '+628 567 148813', '628567148813', 'Ibadi Ichsan, S.Kom', 'tokoqit_logo.png', '<div class=\"paragraph\">TokoQit adalah aplikasi kasir yang banyak dibutuhkan oleh perusahaan retail di Indonesia.</div>\n                                    <div class=\"paragraph\">Fitur aplikasi TokoQit diantaranya:\n                                        <ul>\n                                            <li>Pembuatan Nota</li>\n                                            <li>Manajemen Gudang</li>\n                                            <li>Laporan dalam rupiah, dollar dan euro</li>\n                                            <li>Multi Store</li>\n                                            <li>WA Blaster</li>\n                                            <li>Promo Bundling</li>\n                                            <li>Diskon Member</li>\n                                            <li>Cetak Kartu Member</li>\n                                        </ul>\n                                    </div>\n                                    <div class=\"paragraph\">TokoQit cocok bagi retail yang tidak ingin kesusahan dalam Manajemen Kasir. Selain itu aplikasi akan otomatis terupdate tanpa perlu keahlian IT tertentu.</div>\n                                    <div class=\"paragraph\">TokoQit memudahkan owner yang memiliki banyak toko untuk mengetahui laporan rugi laba setiap bulannya.</div>\n                                    <div class=\"paragraph\">Hubungi kami di 08567148813 untuk memiliki aplikasi yang luar biasa ini.</div>\n                                   \n                                    <div class=\"paragraph\">TokoQit dibuat oleh Qithy.com.</div>\n                                    ', '2022-07-13 23:54:08', '2022-07-13 23:54:08');

-- --------------------------------------------------------

--
-- Table structure for table `kas`
--

CREATE TABLE `kas` (
  `kas_id` int(11) NOT NULL,
  `kas_date` date NOT NULL,
  `kas_datetime` datetime NOT NULL DEFAULT current_timestamp(),
  `kas_nominal` int(11) NOT NULL,
  `kas_type` varchar(11) NOT NULL COMMENT 'masuk,keluar',
  `kas_shift` int(11) NOT NULL,
  `store_id` int(11) NOT NULL,
  `kas_description` text NOT NULL,
  `transaction_id` int(11) NOT NULL,
  `purchase_id` int(11) NOT NULL,
  `payment_id` int(11) NOT NULL,
  `payment_no` text NOT NULL,
  `kas_modal` int(11) NOT NULL,
  `kas_tariksetoran` int(11) NOT NULL,
  `account_id` int(11) NOT NULL,
  `kas_numcek` varchar(50) NOT NULL COMMENT 'pembayaran cek',
  `kas_numcard` varchar(50) NOT NULL COMMENT 'pembayaran kartu',
  `bank_id` int(11) NOT NULL COMMENT 'pembayaran transfer bank',
  `kas_numrek` varchar(50) NOT NULL COMMENT 'pembayaran transfer bank',
  `member_id` int(11) NOT NULL,
  `courier_id` int(11) NOT NULL COMMENT 'pengiriman cod',
  `kas_numovo` varchar(50) NOT NULL COMMENT 'pembayaran ovo',
  `kas_numgopay` varchar(50) NOT NULL COMMENT 'pembayaran gopay'
) ENGINE=InnoDB DEFAULT CHARSET=utf8mb4;

--
-- Dumping data for table `kas`
--

INSERT INTO `kas` (`kas_id`, `kas_date`, `kas_datetime`, `kas_nominal`, `kas_type`, `kas_shift`, `store_id`, `kas_description`, `transaction_id`, `purchase_id`, `payment_id`, `payment_no`, `kas_modal`, `kas_tariksetoran`, `account_id`, `kas_numcek`, `kas_numcard`, `bank_id`, `kas_numrek`, `member_id`, `courier_id`, `kas_numovo`, `kas_numgopay`) VALUES
(71, '2022-12-27', '2022-12-27 09:14:50', 410000, 'masuk', 1, 1, 'Modal Awal', 0, 0, 0, '', 1, 0, 2, '', '', 0, '', 0, 0, '', ''),
(72, '2022-12-27', '2022-12-27 09:26:41', 2000000, 'keluar', 1, 1, 'Pembayaran Tagihan PUR202212270920511', 0, 5, 21, 'PAY202212270926411', 0, 0, 0, '', '', 0, '', 0, 0, '', ''),
(73, '2022-12-27', '2022-12-27 09:27:21', 200000, 'keluar', 1, 1, 'Pembayaran kpd Bintang Semesta Farma', 0, 0, 22, 'PAY202212270927211', 0, 0, 0, '', '', 0, '', 0, 0, '', ''),
(74, '2022-12-27', '2022-12-27 09:36:25', 2997000, 'keluar', 1, 1, 'Pembayaran Tagihan PUR202212270928571', 0, 6, 23, 'PAY202212270936251', 0, 0, 0, '', '', 0, '', 0, 0, '', ''),
(75, '2022-12-27', '2022-12-27 09:39:25', 255000, 'keluar', 1, 1, 'Pembayaran Tagihan PUR202212270937121', 0, 7, 24, 'PAY202212270939251', 0, 0, 0, '', '', 0, '', 0, 0, '', ''),
(76, '2022-12-27', '2022-12-27 09:40:22', 300000, 'keluar', 1, 1, 'Pembayaran Tagihan PUR202212270937121', 0, 7, 25, 'PAY202212270940221', 0, 0, 0, '', '', 0, '', 0, 0, '', ''),
(77, '2022-12-27', '2022-12-27 09:42:26', 100000, 'keluar', 1, 1, 'Pembayaran kpd PT.  Berkat Mahkota Putra', 0, 0, 26, 'PAY202212270942261', 0, 0, 0, '', '', 0, '', 0, 0, '', ''),
(79, '2022-12-27', '2022-12-27 09:49:09', 5414000, 'keluar', 1, 1, 'Penarikan Kas', 0, 0, 0, '', 0, 1, 0, '', '', 0, '', 0, 0, '', ''),
(80, '2022-12-27', '2022-12-27 09:49:40', 410000, 'masuk', 2, 1, 'Modal Awal', 0, 0, 0, '', 1, 0, 2, '', '', 0, '', 0, 0, '', ''),
(86, '2022-12-31', '2022-12-31 09:12:49', 563000, 'keluar', 1, 1, 'Penarikan Kas', 0, 0, 0, '', 0, 1, 0, '', '', 0, '', 0, 0, '', ''),
(87, '2022-12-31', '2022-12-31 09:13:08', 400000, 'masuk', 1, 1, 'Modal Awal', 0, 0, 0, '', 1, 0, 2, '', '', 0, '', 0, 0, '', ''),
(92, '2022-12-31', '2022-12-31 09:23:19', 560000, 'keluar', 1, 1, 'Penarikan Kas', 0, 0, 0, '', 0, 1, 0, '', '', 0, '', 0, 0, '', ''),
(93, '2022-12-31', '2022-12-31 09:41:10', 400000, 'masuk', 2, 1, 'Modal Awal', 0, 0, 0, '', 1, 0, 2, '', '', 0, '', 0, 0, '', ''),
(94, '2022-12-31', '2022-12-31 09:42:59', 47000, 'masuk', 2, 1, 'Pembayaran POS202212310941151', 64, 0, 0, '', 0, 0, 2, '', '', 0, '', 0, 0, '', ''),
(95, '2022-12-31', '2022-12-31 09:47:10', 89000, 'masuk', 2, 1, 'Pembayaran POS202212310943541', 65, 0, 0, '', 0, 0, 2, '', '', 0, '', 0, 0, '', ''),
(96, '2022-12-31', '2022-12-31 09:48:15', 11000, 'masuk', 2, 1, 'Pembayaran POS202212310947351', 67, 0, 0, '', 0, 0, 2, '', '', 0, '', 0, 0, '', ''),
(97, '2022-12-31', '2022-12-31 09:50:26', 84000, 'masuk', 2, 1, 'Pembayaran POS202212310948481', 68, 0, 0, '', 0, 0, 2, '', '', 0, '', 0, 0, '', ''),
(98, '2022-12-31', '2022-12-31 09:52:48', 25000, 'masuk', 2, 1, 'Pembayaran POS202212310950591', 69, 0, 0, '', 0, 0, 2, '', '', 0, '', 0, 0, '', ''),
(99, '2022-12-31', '2022-12-31 09:54:07', 24000, 'masuk', 2, 1, 'Pembayaran POS202212310952581', 70, 0, 0, '', 0, 0, 2, '', '', 0, '', 0, 0, '', ''),
(100, '2022-12-31', '2022-12-31 09:54:43', 38000, 'masuk', 2, 1, 'Pembayaran POS202212310954121', 71, 0, 0, '', 0, 0, 2, '', '', 0, '', 0, 0, '', ''),
(101, '2022-12-31', '2022-12-31 10:10:15', 18000, 'masuk', 2, 1, 'Pembayaran POS202212311010041', 72, 0, 0, '', 0, 0, 2, '', '', 0, '', 0, 0, '', ''),
(102, '2022-12-31', '2022-12-31 10:13:50', 8000, 'masuk', 2, 1, 'Pembayaran POS202212311013211', 74, 0, 0, '', 0, 0, 2, '', '', 0, '', 0, 0, '', ''),
(103, '2022-12-31', '2022-12-31 10:28:04', 42000, 'masuk', 2, 1, 'Pembayaran POS202212311027031', 75, 0, 0, '', 0, 0, 2, '', '', 0, '', 0, 0, '', ''),
(104, '2022-12-31', '2022-12-31 11:01:01', 56000, 'masuk', 2, 1, 'Pembayaran POS202212311051111', 78, 0, 0, '', 0, 0, 2, '', '', 0, '', 0, 0, '', ''),
(105, '2022-12-31', '2022-12-31 11:01:38', 14000, 'masuk', 2, 1, 'Pembayaran POS202212311101211', 79, 0, 0, '', 0, 0, 2, '', '', 0, '', 0, 0, '', ''),
(106, '2022-12-31', '2022-12-31 11:08:20', 2000, 'masuk', 2, 1, 'Pembayaran POS202212311107561', 80, 0, 0, '', 0, 0, 2, '', '', 0, '', 0, 0, '', ''),
(107, '2022-12-31', '2022-12-31 11:27:13', 45000, 'masuk', 2, 1, 'Pembayaran POS202212311115471', 84, 0, 0, '', 0, 0, 2, '', '', 0, '', 0, 0, '', ''),
(108, '2022-12-31', '2022-12-31 11:32:31', 8000, 'masuk', 2, 1, 'Pembayaran POS202212311131451', 85, 0, 0, '', 0, 0, 2, '', '', 0, '', 0, 0, '', ''),
(109, '2022-12-31', '2022-12-31 11:42:42', 8000, 'masuk', 2, 1, 'Pembayaran POS202212311132431', 86, 0, 0, '', 0, 0, 2, '', '', 0, '', 0, 0, '', ''),
(110, '2022-12-31', '2022-12-31 11:57:05', 126000, 'masuk', 2, 1, 'Pembayaran POS202212311143081', 88, 0, 0, '', 0, 0, 2, '', '', 0, '', 0, 0, '', ''),
(111, '2022-12-31', '2022-12-31 12:16:31', 9000, 'masuk', 2, 1, 'Pembayaran POS202212311157231', 89, 0, 0, '', 0, 0, 2, '', '', 0, '', 0, 0, '', ''),
(112, '2022-12-31', '2022-12-31 12:23:13', 46000, 'masuk', 2, 1, 'Pembayaran POS202212311216481', 90, 0, 0, '', 0, 0, 2, '', '', 0, '', 0, 0, '', ''),
(113, '2022-12-31', '2022-12-31 12:40:31', 6000, 'masuk', 2, 1, 'Pembayaran POS202212311223301', 91, 0, 0, '', 0, 0, 2, '', '', 0, '', 0, 0, '', ''),
(114, '2022-12-31', '2022-12-31 12:49:00', 32000, 'masuk', 2, 1, 'Pembayaran POS202212311240421', 92, 0, 0, '', 0, 0, 2, '', '', 0, '', 0, 0, '', ''),
(115, '2022-12-31', '2022-12-31 12:55:49', 3000, 'masuk', 2, 1, 'Pembayaran POS202212311249091', 93, 0, 0, '', 0, 0, 2, '', '', 0, '', 0, 0, '', ''),
(116, '2022-12-31', '2022-12-31 13:25:09', 20000, 'masuk', 2, 1, 'Pembayaran POS202212311324511', 96, 0, 0, '', 0, 0, 2, '', '', 0, '', 0, 0, '', ''),
(117, '2022-12-31', '2022-12-31 13:38:15', 25000, 'masuk', 2, 1, 'Pembayaran POS202212311337351', 99, 0, 0, '', 0, 0, 2, '', '', 0, '', 0, 0, '', ''),
(118, '2022-12-31', '2022-12-31 13:44:08', 25000, 'masuk', 2, 1, 'Pembayaran POS202212311337351', 99, 0, 0, '', 0, 0, 2, '', '', 0, '', 0, 0, '', ''),
(119, '2022-12-31', '2022-12-31 14:05:52', 28000, 'masuk', 2, 1, 'Pembayaran POS202212311324501', 95, 0, 0, '', 0, 0, 2, '', '', 0, '', 0, 0, '', ''),
(120, '2022-12-31', '2022-12-31 16:52:56', 500000, 'keluar', 2, 1, 'Pembayaran kpd PT.  Berkat Mahkota Putra', 0, 0, 28, 'PAY202212311652561', 0, 0, 0, '', '', 0, '', 0, 0, '', ''),
(121, '2022-12-31', '2022-12-31 17:05:56', 739000, 'keluar', 2, 1, 'Penarikan Kas', 0, 0, 0, '', 0, 1, 0, '', '', 0, '', 0, 0, '', ''),
(122, '2022-12-31', '2022-12-31 17:06:33', 400000, 'masuk', 3, 1, 'Modal Awal', 0, 0, 0, '', 1, 0, 2, '', '', 0, '', 0, 0, '', ''),
(123, '2022-12-31', '2022-12-31 17:07:32', 8000, 'masuk', 3, 1, 'Pembayaran POS202212311706491', 100, 0, 0, '', 0, 0, 2, '', '', 0, '', 0, 0, '', ''),
(124, '2022-12-31', '2022-12-31 17:08:05', 20000, 'masuk', 3, 1, 'Pembayaran POS202212311707451', 101, 0, 0, '', 0, 0, 2, '', '', 0, '', 0, 0, '', ''),
(125, '2022-12-31', '2022-12-31 17:09:08', 18000, 'masuk', 3, 1, 'Pembayaran POS202212311708111', 102, 0, 0, '', 0, 0, 2, '', '', 0, '', 0, 0, '', ''),
(126, '2022-12-31', '2022-12-31 17:09:28', 28000, 'masuk', 3, 1, 'Pembayaran POS202212311709131', 103, 0, 0, '', 0, 0, 2, '', '', 0, '', 0, 0, '', ''),
(127, '2022-12-31', '2022-12-31 17:09:53', 9000, 'masuk', 3, 1, 'Pembayaran POS202212311709331', 104, 0, 0, '', 0, 0, 2, '', '', 0, '', 0, 0, '', ''),
(128, '2022-12-31', '2022-12-31 17:10:54', 16000, 'masuk', 3, 1, 'Pembayaran POS202212311709581', 105, 0, 0, '', 0, 0, 2, '', '', 0, '', 0, 0, '', ''),
(129, '2022-12-31', '2022-12-31 17:11:39', 61000, 'masuk', 3, 1, 'Pembayaran POS202212311710591', 106, 0, 0, '', 0, 0, 2, '', '', 0, '', 0, 0, '', ''),
(130, '2022-12-31', '2022-12-31 17:12:28', 17000, 'masuk', 3, 1, 'Pembayaran POS202212311711451', 107, 0, 0, '', 0, 0, 2, '', '', 0, '', 0, 0, '', ''),
(131, '2022-12-31', '2022-12-31 17:13:44', 56000, 'masuk', 3, 1, 'Pembayaran POS202212311712341', 108, 0, 0, '', 0, 0, 2, '', '', 0, '', 0, 0, '', ''),
(132, '2022-12-31', '2022-12-31 17:14:27', 24000, 'masuk', 3, 1, 'Pembayaran POS202212311713501', 109, 0, 0, '', 0, 0, 2, '', '', 0, '', 0, 0, '', ''),
(133, '2022-12-31', '2022-12-31 17:16:14', 152000, 'masuk', 3, 1, 'Pembayaran POS202212311714381', 110, 0, 0, '', 0, 0, 2, '', '', 0, '', 0, 0, '', ''),
(134, '2022-12-31', '2022-12-31 17:24:16', 10000, 'masuk', 3, 1, 'Pembayaran POS202212311716261', 111, 0, 0, '', 0, 0, 2, '', '', 0, '', 0, 0, '', ''),
(135, '2022-12-31', '2022-12-31 17:36:41', 20000, 'masuk', 3, 1, 'Pembayaran POS202212311724261', 112, 0, 0, '', 0, 0, 2, '', '', 0, '', 0, 0, '', ''),
(136, '2022-12-31', '2022-12-31 17:48:08', 8000, 'masuk', 3, 1, 'Pembayaran POS202212311738511', 113, 0, 0, '', 0, 0, 2, '', '', 0, '', 0, 0, '', ''),
(137, '2022-12-31', '2022-12-31 18:03:23', 19000, 'masuk', 3, 1, 'Pembayaran POS202212311748131', 114, 0, 0, '', 0, 0, 2, '', '', 0, '', 0, 0, '', ''),
(139, '2022-12-31', '2022-12-31 18:06:51', 64000, 'masuk', 3, 1, 'Pembayaran POS202212311806031', 116, 0, 0, '', 0, 0, 2, '', '', 0, '', 0, 0, '', ''),
(140, '2022-12-31', '2022-12-31 18:07:10', 12000, 'masuk', 3, 1, 'Pembayaran POS202212311806171', 117, 0, 0, '', 0, 0, 2, '', '', 0, '', 0, 0, '', ''),
(141, '2022-12-31', '2022-12-31 18:08:02', 20000, 'masuk', 3, 1, 'Pembayaran POS202212311807291', 118, 0, 0, '', 0, 0, 2, '', '', 0, '', 0, 0, '', ''),
(142, '2022-12-31', '2022-12-31 18:08:46', 10000, 'masuk', 3, 1, 'Pembayaran POS202212311808291', 119, 0, 0, '', 0, 0, 2, '', '', 0, '', 0, 0, '', ''),
(143, '2022-12-31', '2022-12-31 18:10:28', 16000, 'masuk', 3, 1, 'Pembayaran POS202212311810141', 120, 0, 0, '', 0, 0, 2, '', '', 0, '', 0, 0, '', ''),
(144, '2022-12-31', '2022-12-31 18:33:48', 25000, 'masuk', 3, 1, 'Pembayaran POS202212311812551', 121, 0, 0, '', 0, 0, 2, '', '', 0, '', 0, 0, '', ''),
(145, '2022-12-31', '2022-12-31 18:43:55', 10000, 'masuk', 3, 1, 'Pembayaran POS202212311833561', 122, 0, 0, '', 0, 0, 2, '', '', 0, '', 0, 0, '', ''),
(146, '2022-12-31', '2022-12-31 18:50:58', 6000, 'masuk', 3, 1, 'Pembayaran POS202212311850331', 123, 0, 0, '', 0, 0, 2, '', '', 0, '', 0, 0, '', ''),
(147, '2022-12-31', '2022-12-31 18:57:36', 7000, 'masuk', 3, 1, 'Pembayaran POS202212311857191', 124, 0, 0, '', 0, 0, 2, '', '', 0, '', 0, 0, '', ''),
(148, '2022-12-31', '2022-12-31 19:13:12', 3000, 'masuk', 3, 1, 'Pembayaran POS202212311906311', 126, 0, 0, '', 0, 0, 2, '', '', 0, '', 0, 0, '', ''),
(149, '2022-12-31', '2022-12-31 19:19:55', 5000, 'masuk', 3, 1, 'Pembayaran POS202212311919411', 127, 0, 0, '', 0, 0, 2, '', '', 0, '', 0, 0, '', ''),
(150, '2022-12-31', '2022-12-31 19:23:35', 19000, 'masuk', 3, 1, 'Pembayaran POS202212311905231', 125, 0, 0, '', 0, 0, 2, '', '', 0, '', 0, 0, '', ''),
(151, '2022-12-31', '2022-12-31 19:24:42', 22000, 'masuk', 3, 1, 'Pembayaran POS202212311924071', 129, 0, 0, '', 0, 0, 2, '', '', 0, '', 0, 0, '', ''),
(152, '2022-12-31', '2022-12-31 19:25:57', 15000, 'masuk', 3, 1, 'Pembayaran POS202212311924471', 130, 0, 0, '', 0, 0, 2, '', '', 0, '', 0, 0, '', ''),
(153, '2022-12-31', '2022-12-31 19:26:21', 10000, 'masuk', 3, 1, 'Pembayaran POS202212311926021', 131, 0, 0, '', 0, 0, 2, '', '', 0, '', 0, 0, '', ''),
(154, '2022-12-31', '2022-12-31 19:37:03', 43000, 'masuk', 3, 1, 'Pembayaran POS202212311931271', 133, 0, 0, '', 0, 0, 2, '', '', 0, '', 0, 0, '', ''),
(155, '2022-12-31', '2022-12-31 20:03:39', 23000, 'masuk', 3, 1, 'Pembayaran POS202212312002471', 134, 0, 0, '', 0, 0, 2, '', '', 0, '', 0, 0, '', ''),
(156, '2022-12-31', '2022-12-31 20:10:44', 30000, 'masuk', 3, 1, 'Pembayaran POS202212312010231', 135, 0, 0, '', 0, 0, 2, '', '', 0, '', 0, 0, '', ''),
(157, '2022-12-31', '2022-12-31 20:12:43', 31000, 'masuk', 3, 1, 'Pembayaran POS202212312010491', 136, 0, 0, '', 0, 0, 2, '', '', 0, '', 0, 0, '', ''),
(158, '2022-12-31', '2022-12-31 20:25:02', 65000, 'masuk', 3, 1, 'Pembayaran POS202212312012491', 137, 0, 0, '', 0, 0, 2, '', '', 0, '', 0, 0, '', ''),
(159, '2022-12-31', '2022-12-31 20:25:18', 9000, 'masuk', 3, 1, 'Pembayaran POS202212312025071', 138, 0, 0, '', 0, 0, 2, '', '', 0, '', 0, 0, '', ''),
(160, '2022-12-31', '2022-12-31 20:26:44', 23000, 'masuk', 3, 1, 'Pembayaran POS202212312025231', 139, 0, 0, '', 0, 0, 2, '', '', 0, '', 0, 0, '', ''),
(161, '2022-12-31', '2022-12-31 20:29:19', 2000, 'masuk', 3, 1, 'Pembayaran POS202212312029081', 140, 0, 0, '', 0, 0, 2, '', '', 0, '', 0, 0, '', ''),
(162, '2022-12-31', '2022-12-31 20:36:02', 10000, 'masuk', 3, 1, 'Pembayaran POS202212312029261', 141, 0, 0, '', 0, 0, 2, '', '', 0, '', 0, 0, '', ''),
(163, '2022-12-31', '2022-12-31 20:42:32', 62000, 'masuk', 3, 1, 'Pembayaran POS202212312041411', 142, 0, 0, '', 0, 0, 2, '', '', 0, '', 0, 0, '', ''),
(164, '2022-12-31', '2022-12-31 20:51:52', 20000, 'masuk', 3, 1, 'Pembayaran POS202212312051251', 143, 0, 0, '', 0, 0, 2, '', '', 0, '', 0, 0, '', ''),
(165, '2022-12-31', '2022-12-31 20:55:47', 17000, 'masuk', 3, 1, 'Pembayaran POS202212312052021', 144, 0, 0, '', 0, 0, 2, '', '', 0, '', 0, 0, '', ''),
(166, '2022-12-31', '2022-12-31 21:14:19', 28000, 'masuk', 3, 1, 'Pembayaran POS202212312113451', 145, 0, 0, '', 0, 0, 2, '', '', 0, '', 0, 0, '', ''),
(167, '2022-12-31', '2022-12-31 21:30:16', 1537000, 'keluar', 3, 1, 'Penarikan Kas', 0, 0, 0, '', 0, 1, 0, '', '', 0, '', 0, 0, '', ''),
(168, '2023-01-01', '2023-01-01 07:46:29', 400000, 'masuk', 1, 1, 'Modal Awal', 0, 0, 0, '', 1, 0, 2, '', '', 0, '', 0, 0, '', ''),
(171, '2023-01-01', '2023-01-01 08:31:42', 28000, 'masuk', 1, 1, 'Pembayaran POS202301010826031', 147, 0, 0, '', 0, 0, 2, '', '', 0, '', 0, 0, '', ''),
(173, '2023-01-01', '2023-01-01 08:36:53', 20000, 'masuk', 1, 1, 'Pembayaran POS202301010836291', 149, 0, 0, '', 0, 0, 2, '', '', 0, '', 0, 0, '', ''),
(174, '2023-01-01', '2023-01-01 08:40:00', 28000, 'masuk', 1, 1, 'Pembayaran POS202301010826031', 147, 0, 0, '', 0, 0, 2, '', '', 0, '', 0, 0, '', ''),
(178, '2023-01-01', '2023-01-01 11:41:29', 29000, 'masuk', 1, 1, 'Pembayaran POS202301011139271', 156, 0, 0, '', 0, 0, 2, '', '', 0, '', 0, 0, '', ''),
(179, '2023-01-01', '2023-01-01 11:42:01', 30000, 'masuk', 1, 1, 'Pembayaran POS202301011141371', 157, 0, 0, '', 0, 0, 2, '', '', 0, '', 0, 0, '', ''),
(180, '2023-01-01', '2023-01-01 11:46:20', 59000, 'masuk', 1, 1, 'Pembayaran POS202301011142561', 158, 0, 0, '', 0, 0, 2, '', '', 0, '', 0, 0, '', ''),
(186, '2023-01-01', '2023-01-01 11:51:14', 22000, 'masuk', 1, 1, 'Pembayaran POS202301011150531', 164, 0, 0, '', 0, 0, 2, '', '', 0, '', 0, 0, '', ''),
(188, '2023-01-01', '2023-01-01 12:03:35', 20000, 'masuk', 1, 1, 'Pembayaran POS202301011203101', 167, 0, 0, '', 0, 0, 2, '', '', 0, '', 0, 0, '', ''),
(189, '2023-01-01', '2023-01-01 13:01:53', 24000, 'masuk', 1, 1, 'Pembayaran POS202301011301311', 169, 0, 0, '', 0, 0, 2, '', '', 0, '', 0, 0, '', ''),
(190, '2023-01-01', '2023-01-01 13:14:29', 13000, 'masuk', 1, 1, 'Pembayaran POS202301011310201', 170, 0, 0, '', 0, 0, 2, '', '', 0, '', 0, 0, '', ''),
(191, '2023-01-01', '2023-01-01 13:18:48', 14000, 'masuk', 1, 1, 'Pembayaran POS202301011318271', 171, 0, 0, '', 0, 0, 2, '', '', 0, '', 0, 0, '', ''),
(193, '2023-01-01', '2023-01-01 13:32:21', 8000, 'masuk', 1, 1, 'Pembayaran POS202301011331581', 173, 0, 0, '', 0, 0, 2, '', '', 0, '', 0, 0, '', ''),
(194, '2023-01-01', '2023-01-01 13:40:11', 25000, 'masuk', 1, 1, 'Pembayaran POS202301011339551', 174, 0, 0, '', 0, 0, 2, '', '', 0, '', 0, 0, '', ''),
(195, '2023-01-01', '2023-01-01 13:45:00', 16000, 'masuk', 1, 1, 'Pembayaran POS202301011344301', 175, 0, 0, '', 0, 0, 2, '', '', 0, '', 0, 0, '', ''),
(196, '2023-01-01', '2023-01-01 13:57:20', 32000, 'masuk', 1, 1, 'Pembayaran POS202301011353311', 176, 0, 0, '', 0, 0, 2, '', '', 0, '', 0, 0, '', ''),
(197, '2023-01-01', '2023-01-01 14:03:36', 5000, 'masuk', 1, 1, 'Pembayaran POS202301011403231', 177, 0, 0, '', 0, 0, 2, '', '', 0, '', 0, 0, '', ''),
(198, '2023-01-01', '2023-01-01 14:19:54', 22000, 'masuk', 1, 1, 'Pembayaran POS202301011416101', 180, 0, 0, '', 0, 0, 2, '', '', 0, '', 0, 0, '', ''),
(199, '2023-01-01', '2023-01-01 14:30:43', 12000, 'masuk', 1, 1, 'Pembayaran POS202301011430091', 181, 0, 0, '', 0, 0, 2, '', '', 0, '', 0, 0, '', ''),
(201, '2023-01-01', '2023-01-01 14:51:52', 9000, 'masuk', 1, 1, 'Pembayaran POS202301011433111', 182, 0, 0, '', 0, 0, 2, '', '', 0, '', 0, 0, '', ''),
(203, '2023-01-01', '2023-01-01 15:29:54', 158000, 'masuk', 1, 1, 'Pembayaran POS202301011529361', 185, 0, 0, '', 0, 0, 2, '', '', 0, '', 0, 0, '', ''),
(204, '2023-01-01', '2023-01-01 16:08:08', -3531500, 'keluar', 1, 1, 'Penarikan Kas', 0, 0, 0, '', 0, 1, 0, '', '', 0, '', 0, 0, '', ''),
(205, '2023-01-01', '2023-01-01 16:08:22', 400000, 'masuk', 2, 1, 'Modal Awal', 0, 0, 0, '', 1, 0, 2, '', '', 0, '', 0, 0, '', ''),
(206, '2023-01-01', '2023-01-01 16:09:39', 22000, 'masuk', 2, 1, 'Pembayaran POS202301011609161', 186, 0, 0, '', 0, 0, 2, '', '', 0, '', 0, 0, '', ''),
(207, '2023-01-01', '2023-01-01 16:10:55', 16000, 'masuk', 2, 1, 'Pembayaran POS202301011609461', 187, 0, 0, '', 0, 0, 2, '', '', 0, '', 0, 0, '', ''),
(208, '2023-01-01', '2023-01-01 16:11:20', 6000, 'masuk', 2, 1, 'Pembayaran POS202301011611021', 188, 0, 0, '', 0, 0, 2, '', '', 0, '', 0, 0, '', ''),
(209, '2023-01-01', '2023-01-01 16:11:45', 3500, 'masuk', 2, 1, 'Pembayaran POS202301011611281', 189, 0, 0, '', 0, 0, 2, '', '', 0, '', 0, 0, '', ''),
(210, '2023-01-01', '2023-01-01 16:13:48', 70000, 'masuk', 2, 1, 'Pembayaran POS202301011611591', 190, 0, 0, '', 0, 0, 2, '', '', 0, '', 0, 0, '', ''),
(212, '2023-01-01', '2023-01-01 16:20:59', 9000, 'masuk', 2, 1, 'Pembayaran POS202301011620421', 192, 0, 0, '', 0, 0, 2, '', '', 0, '', 0, 0, '', ''),
(213, '2023-01-01', '2023-01-01 17:12:38', 208000, 'masuk', 2, 1, 'Pembayaran POS202301011620421', 192, 0, 0, '', 0, 0, 2, '', '', 0, '', 0, 0, '', ''),
(214, '2023-01-01', '2023-01-01 17:16:04', 21000, 'masuk', 2, 1, 'Pembayaran POS202301011715481', 193, 0, 0, '', 0, 0, 2, '', '', 0, '', 0, 0, '', ''),
(215, '2023-01-01', '2023-01-01 17:17:28', 37000, 'masuk', 2, 1, 'Pembayaran POS202301011716121', 194, 0, 0, '', 0, 0, 2, '', '', 0, '', 0, 0, '', ''),
(216, '2023-01-01', '2023-01-01 17:39:46', 68000, 'masuk', 2, 1, 'Pembayaran POS202301011717361', 195, 0, 0, '', 0, 0, 2, '', '', 0, '', 0, 0, '', ''),
(218, '2023-01-01', '2023-01-01 17:47:19', 76000, 'masuk', 2, 1, 'Pembayaran POS202301011744201', 197, 0, 0, '', 0, 0, 2, '', '', 0, '', 0, 0, '', ''),
(219, '2023-01-01', '2023-01-01 17:48:30', 45000, 'masuk', 2, 1, 'Pembayaran POS202301011747321', 198, 0, 0, '', 0, 0, 2, '', '', 0, '', 0, 0, '', ''),
(220, '2023-01-01', '2023-01-01 17:51:09', 19000, 'masuk', 2, 1, 'Pembayaran POS202301011748361', 199, 0, 0, '', 0, 0, 2, '', '', 0, '', 0, 0, '', ''),
(221, '2023-01-01', '2023-01-01 17:54:24', 24000, 'masuk', 2, 1, 'Pembayaran POS202301011753441', 200, 0, 0, '', 0, 0, 2, '', '', 0, '', 0, 0, '', ''),
(222, '2023-01-01', '2023-01-01 17:55:03', 88000, 'masuk', 2, 1, 'Pembayaran POS202301011754301', 201, 0, 0, '', 0, 0, 2, '', '', 0, '', 0, 0, '', ''),
(223, '2023-01-01', '2023-01-01 17:55:31', 18000, 'masuk', 2, 1, 'Pembayaran POS202301011755131', 202, 0, 0, '', 0, 0, 2, '', '', 0, '', 0, 0, '', ''),
(225, '2023-01-01', '2023-01-01 17:59:55', 26000, 'masuk', 2, 1, 'Pembayaran POS202301011758221', 204, 0, 0, '', 0, 0, 2, '', '', 0, '', 0, 0, '', ''),
(226, '2023-01-01', '2023-01-01 18:01:15', 39500, 'masuk', 2, 1, 'Pembayaran POS202301011800181', 205, 0, 0, '', 0, 0, 2, '', '', 0, '', 0, 0, '', ''),
(227, '2023-01-01', '2023-01-01 18:01:55', 39500, 'masuk', 2, 1, 'Pembayaran POS202301011800181', 205, 0, 0, '', 0, 0, 2, '', '', 0, '', 0, 0, '', ''),
(228, '2023-01-01', '2023-01-01 18:02:31', 13000, 'masuk', 2, 1, 'Pembayaran POS202301011802011', 206, 0, 0, '', 0, 0, 2, '', '', 0, '', 0, 0, '', ''),
(229, '2023-01-01', '2023-01-01 18:03:09', 67000, 'masuk', 2, 1, 'Pembayaran POS202301011802381', 207, 0, 0, '', 0, 0, 2, '', '', 0, '', 0, 0, '', ''),
(230, '2023-01-01', '2023-01-01 18:05:15', 19500, 'masuk', 2, 1, 'Pembayaran POS202301011803171', 208, 0, 0, '', 0, 0, 2, '', '', 0, '', 0, 0, '', ''),
(231, '2023-01-01', '2023-01-01 18:06:13', 19500, 'masuk', 2, 1, 'Pembayaran POS202301011803171', 208, 0, 0, '', 0, 0, 2, '', '', 0, '', 0, 0, '', ''),
(232, '2023-01-01', '2023-01-01 18:06:44', 42000, 'masuk', 2, 1, 'Pembayaran POS202301011806301', 209, 0, 0, '', 0, 0, 2, '', '', 0, '', 0, 0, '', ''),
(233, '2023-01-01', '2023-01-01 18:07:35', 52000, 'masuk', 2, 1, 'Pembayaran POS202301011806521', 210, 0, 0, '', 0, 0, 2, '', '', 0, '', 0, 0, '', ''),
(234, '2023-01-01', '2023-01-01 18:08:29', 8000, 'masuk', 2, 1, 'Pembayaran POS202301011807461', 211, 0, 0, '', 0, 0, 2, '', '', 0, '', 0, 0, '', ''),
(235, '2023-01-01', '2023-01-01 18:09:28', 8000, 'masuk', 2, 1, 'Pembayaran POS202301011807461', 211, 0, 0, '', 0, 0, 2, '', '', 0, '', 0, 0, '', ''),
(236, '2023-01-01', '2023-01-01 18:10:47', 18000, 'masuk', 2, 1, 'Pembayaran POS202301011810211', 212, 0, 0, '', 0, 0, 2, '', '', 0, '', 0, 0, '', ''),
(237, '2023-01-01', '2023-01-01 18:20:06', 7000, 'masuk', 2, 1, 'Pembayaran POS202301011811121', 213, 0, 0, '', 0, 0, 2, '', '', 0, '', 0, 0, '', ''),
(238, '2023-01-01', '2023-01-01 18:41:09', 153000, 'masuk', 2, 1, 'Pembayaran POS202301011839401', 214, 0, 0, '', 0, 0, 2, '', '', 0, '', 0, 0, '', ''),
(239, '2023-01-01', '2023-01-01 18:50:59', 10000, 'masuk', 2, 1, 'Pembayaran POS202301011850471', 217, 0, 0, '', 0, 0, 2, '', '', 0, '', 0, 0, '', ''),
(240, '2023-01-01', '2023-01-01 18:57:02', 25000, 'masuk', 2, 1, 'Pembayaran POS202301011856371', 218, 0, 0, '', 0, 0, 2, '', '', 0, '', 0, 0, '', ''),
(241, '2023-01-02', '2023-01-02 07:43:53', 400000, 'masuk', 1, 1, 'Modal Awal', 0, 0, 0, '', 1, 0, 2, '', '', 0, '', 0, 0, '', ''),
(242, '2023-01-02', '2023-01-02 07:51:44', 13000, 'masuk', 1, 1, 'Pembayaran POS202301020744111', 220, 0, 0, '', 0, 0, 2, '', '', 0, '', 0, 0, '', ''),
(243, '2023-01-02', '2023-01-02 08:33:14', 22000, 'masuk', 1, 1, 'Pembayaran POS202301020752001', 221, 0, 0, '', 0, 0, 2, '', '', 0, '', 0, 0, '', ''),
(244, '2023-01-02', '2023-01-02 09:01:11', 15000, 'masuk', 1, 1, 'Pembayaran POS202301020833261', 222, 0, 0, '', 0, 0, 2, '', '', 0, '', 0, 0, '', ''),
(245, '2023-01-02', '2023-01-02 09:12:54', 16000, 'masuk', 1, 1, 'Pembayaran POS202301020901241', 223, 0, 0, '', 0, 0, 2, '', '', 0, '', 0, 0, '', ''),
(246, '2023-01-02', '2023-01-02 09:25:35', 38000, 'masuk', 1, 1, 'Pembayaran POS202301020913041', 224, 0, 0, '', 0, 0, 2, '', '', 0, '', 0, 0, '', ''),
(247, '2023-01-02', '2023-01-02 09:36:49', 20000, 'masuk', 1, 1, 'Pembayaran POS202301020925431', 225, 0, 0, '', 0, 0, 2, '', '', 0, '', 0, 0, '', ''),
(248, '2023-01-02', '2023-01-02 09:37:24', 41000, 'masuk', 1, 1, 'Pembayaran POS202301020937001', 226, 0, 0, '', 0, 0, 2, '', '', 0, '', 0, 0, '', ''),
(249, '2023-01-02', '2023-01-02 09:38:13', 42000, 'masuk', 1, 1, 'Pembayaran POS202301020937321', 227, 0, 0, '', 0, 0, 2, '', '', 0, '', 0, 0, '', ''),
(250, '2023-01-02', '2023-01-02 09:42:37', 20000, 'masuk', 1, 1, 'Pembayaran POS202301020938191', 228, 0, 0, '', 0, 0, 2, '', '', 0, '', 0, 0, '', ''),
(251, '2023-01-02', '2023-01-02 09:45:23', 38000, 'masuk', 1, 1, 'Pembayaran POS202301020942441', 229, 0, 0, '', 0, 0, 2, '', '', 0, '', 0, 0, '', ''),
(252, '2023-01-02', '2023-01-02 09:58:21', 4000, 'masuk', 1, 1, 'Pembayaran POS202301020945321', 230, 0, 0, '', 0, 0, 2, '', '', 0, '', 0, 0, '', ''),
(253, '2023-01-02', '2023-01-02 10:02:59', 10000, 'masuk', 1, 1, 'Pembayaran POS202301020958281', 231, 0, 0, '', 0, 0, 2, '', '', 0, '', 0, 0, '', ''),
(254, '2023-01-02', '2023-01-02 10:45:43', 9000, 'masuk', 1, 1, 'Pembayaran POS202301021003071', 232, 0, 0, '', 0, 0, 2, '', '', 0, '', 0, 0, '', ''),
(255, '2023-01-02', '2023-01-02 10:58:24', 18000, 'masuk', 1, 1, 'Pembayaran POS202301021045501', 233, 0, 0, '', 0, 0, 2, '', '', 0, '', 0, 0, '', ''),
(256, '2023-01-02', '2023-01-02 11:08:20', 17000, 'masuk', 1, 1, 'Pembayaran POS202301021058301', 234, 0, 0, '', 0, 0, 2, '', '', 0, '', 0, 0, '', ''),
(257, '2023-01-02', '2023-01-02 11:36:23', 3000, 'masuk', 1, 1, 'Pembayaran POS202301021108261', 235, 0, 0, '', 0, 0, 2, '', '', 0, '', 0, 0, '', ''),
(258, '2023-01-02', '2023-01-02 11:38:50', 22000, 'masuk', 1, 1, 'Pembayaran POS202301021136321', 236, 0, 0, '', 0, 0, 2, '', '', 0, '', 0, 0, '', ''),
(259, '2023-01-02', '2023-01-02 11:56:39', 5000, 'masuk', 1, 1, 'Pembayaran POS202301021138581', 237, 0, 0, '', 0, 0, 2, '', '', 0, '', 0, 0, '', ''),
(260, '2023-01-02', '2023-01-02 12:10:29', 20000, 'masuk', 1, 1, 'Pembayaran POS202301021209591', 238, 0, 0, '', 0, 0, 2, '', '', 0, '', 0, 0, '', ''),
(261, '2023-01-02', '2023-01-02 12:39:46', 48000, 'masuk', 1, 1, 'Pembayaran POS202301021210381', 239, 0, 0, '', 0, 0, 2, '', '', 0, '', 0, 0, '', ''),
(262, '2023-01-02', '2023-01-02 13:09:39', 5000, 'masuk', 1, 1, 'Pembayaran POS202301021239541', 240, 0, 0, '', 0, 0, 2, '', '', 0, '', 0, 0, '', ''),
(263, '2023-01-02', '2023-01-02 13:12:05', 19000, 'masuk', 1, 1, 'Pembayaran POS202301021309461', 241, 0, 0, '', 0, 0, 2, '', '', 0, '', 0, 0, '', ''),
(264, '2023-01-02', '2023-01-02 13:23:23', 18000, 'masuk', 1, 1, 'Pembayaran POS202301021312101', 242, 0, 0, '', 0, 0, 2, '', '', 0, '', 0, 0, '', ''),
(265, '2023-01-02', '2023-01-02 13:24:59', 50000, 'masuk', 1, 1, 'Pembayaran POS202301021323331', 243, 0, 0, '', 0, 0, 2, '', '', 0, '', 0, 0, '', ''),
(266, '2023-01-02', '2023-01-02 13:45:27', 78000, 'masuk', 1, 1, 'Pembayaran POS202301021325071', 244, 0, 0, '', 0, 0, 2, '', '', 0, '', 0, 0, '', ''),
(267, '2023-01-02', '2023-01-02 13:58:50', 17000, 'masuk', 1, 1, 'Pembayaran POS202301021345351', 245, 0, 0, '', 0, 0, 2, '', '', 0, '', 0, 0, '', ''),
(268, '2023-01-02', '2023-01-02 14:10:06', 10000, 'masuk', 1, 1, 'Pembayaran POS202301021358561', 246, 0, 0, '', 0, 0, 2, '', '', 0, '', 0, 0, '', ''),
(269, '2023-01-02', '2023-01-02 14:16:51', 60000, 'masuk', 1, 1, 'Pembayaran POS202301021410141', 247, 0, 0, '', 0, 0, 2, '', '', 0, '', 0, 0, '', ''),
(270, '2023-01-02', '2023-01-02 14:31:18', 8000, 'masuk', 1, 1, 'Pembayaran POS202301021416591', 248, 0, 0, '', 0, 0, 2, '', '', 0, '', 0, 0, '', ''),
(271, '2023-01-02', '2023-01-02 14:31:41', 16000, 'masuk', 1, 1, 'Pembayaran POS202301021431241', 249, 0, 0, '', 0, 0, 2, '', '', 0, '', 0, 0, '', ''),
(272, '2023-01-02', '2023-01-02 14:33:29', 32000, 'masuk', 1, 1, 'Pembayaran POS202301021431531', 250, 0, 0, '', 0, 0, 2, '', '', 0, '', 0, 0, '', ''),
(273, '2023-01-02', '2023-01-02 14:34:48', 7890000, 'keluar', 1, 1, 'Penarikan Kas', 0, 0, 0, '', 0, 1, 0, '', '', 0, '', 0, 0, '', ''),
(274, '2023-01-02', '2023-01-02 14:35:22', 400000, 'masuk', 2, 1, 'Modal Awal', 0, 0, 0, '', 1, 0, 2, '', '', 0, '', 0, 0, '', ''),
(275, '2023-01-02', '2023-01-02 14:52:24', 6000, 'masuk', 2, 1, 'Pembayaran POS202301021451531', 251, 0, 0, '', 0, 0, 2, '', '', 0, '', 0, 0, '', ''),
(276, '2023-01-02', '2023-01-02 15:15:05', 14000, 'masuk', 2, 1, 'Pembayaran POS202301021514141', 252, 0, 0, '', 0, 0, 2, '', '', 0, '', 0, 0, '', ''),
(277, '2023-01-02', '2023-01-02 15:22:11', 18000, 'masuk', 2, 1, 'Pembayaran POS202301021521471', 254, 0, 0, '', 0, 0, 2, '', '', 0, '', 0, 0, '', ''),
(278, '2023-01-02', '2023-01-02 15:31:55', 558500, 'masuk', 2, 1, 'Pembayaran POS202301021515121', 253, 0, 0, '', 0, 0, 2, '', '', 0, '', 0, 0, '', ''),
(279, '2023-01-02', '2023-01-02 15:46:44', 7000, 'masuk', 2, 1, 'Pembayaran POS202301021532011', 255, 0, 0, '', 0, 0, 2, '', '', 0, '', 0, 0, '', ''),
(280, '2023-01-02', '2023-01-02 16:18:22', 40000, 'masuk', 2, 1, 'Pembayaran POS202301021617461', 258, 0, 0, '', 0, 0, 2, '', '', 0, '', 0, 0, '', ''),
(281, '2023-01-02', '2023-01-02 16:18:48', 13000, 'masuk', 2, 1, 'Pembayaran POS202301021618361', 259, 0, 0, '', 0, 0, 2, '', '', 0, '', 0, 0, '', ''),
(282, '2023-01-02', '2023-01-02 16:19:18', 8000, 'masuk', 2, 1, 'Pembayaran POS202301021618581', 260, 0, 0, '', 0, 0, 2, '', '', 0, '', 0, 0, '', ''),
(283, '2023-01-02', '2023-01-02 16:20:08', 50000, 'masuk', 2, 1, 'Pembayaran POS202301021619251', 261, 0, 0, '', 0, 0, 2, '', '', 0, '', 0, 0, '', ''),
(284, '2023-01-02', '2023-01-02 16:21:11', 140000, 'masuk', 2, 1, 'Pembayaran POS202301021620161', 262, 0, 0, '', 0, 0, 2, '', '', 0, '', 0, 0, '', ''),
(285, '2023-01-02', '2023-01-02 16:27:30', 26000, 'masuk', 2, 1, 'Pembayaran POS202301021626171', 263, 0, 0, '', 0, 0, 2, '', '', 0, '', 0, 0, '', ''),
(286, '2023-01-02', '2023-01-02 16:29:18', 20000, 'masuk', 2, 1, 'Pembayaran POS202301021628381', 264, 0, 0, '', 0, 0, 2, '', '', 0, '', 0, 0, '', ''),
(287, '2023-01-02', '2023-01-02 16:31:02', 12000, 'masuk', 2, 1, 'Pembayaran POS202301021629351', 265, 0, 0, '', 0, 0, 2, '', '', 0, '', 0, 0, '', ''),
(288, '2023-01-02', '2023-01-02 16:44:28', 59000, 'masuk', 2, 1, 'Pembayaran POS202301021631211', 266, 0, 0, '', 0, 0, 2, '', '', 0, '', 0, 0, '', ''),
(289, '2023-01-02', '2023-01-02 16:46:31', 18000, 'masuk', 2, 1, 'Pembayaran POS202301021645401', 267, 0, 0, '', 0, 0, 2, '', '', 0, '', 0, 0, '', ''),
(290, '2023-01-02', '2023-01-02 16:52:45', 6000, 'masuk', 2, 1, 'Pembayaran POS202301021646571', 268, 0, 0, '', 0, 0, 2, '', '', 0, '', 0, 0, '', ''),
(291, '2023-01-02', '2023-01-02 17:11:12', 3000, 'masuk', 2, 1, 'Pembayaran POS202301021653171', 269, 0, 0, '', 0, 0, 2, '', '', 0, '', 0, 0, '', ''),
(292, '2023-01-02', '2023-01-02 17:30:44', 28000, 'masuk', 2, 1, 'Pembayaran POS202301021723121', 271, 0, 0, '', 0, 0, 2, '', '', 0, '', 0, 0, '', ''),
(293, '2023-01-02', '2023-01-02 17:48:04', 28000, 'masuk', 2, 1, 'Pembayaran POS202301021730511', 272, 0, 0, '', 0, 0, 2, '', '', 0, '', 0, 0, '', ''),
(294, '2023-01-02', '2023-01-02 17:48:37', 41000, 'masuk', 2, 1, 'Pembayaran POS202301021748101', 274, 0, 0, '', 0, 0, 2, '', '', 0, '', 0, 0, '', ''),
(295, '2023-01-02', '2023-01-02 17:49:04', 45000, 'masuk', 2, 1, 'Pembayaran POS202301021748421', 275, 0, 0, '', 0, 0, 2, '', '', 0, '', 0, 0, '', ''),
(296, '2023-01-02', '2023-01-02 17:51:48', 21000, 'masuk', 2, 1, 'Pembayaran POS202301021748421', 275, 0, 0, '', 0, 0, 2, '', '', 0, '', 0, 0, '', ''),
(297, '2023-01-02', '2023-01-02 17:53:14', 18000, 'masuk', 2, 1, 'Pembayaran POS202301021751541', 276, 0, 0, '', 0, 0, 2, '', '', 0, '', 0, 0, '', ''),
(298, '2023-01-02', '2023-01-02 17:53:35', 5000, 'masuk', 2, 1, 'Pembayaran POS202301021753201', 277, 0, 0, '', 0, 0, 2, '', '', 0, '', 0, 0, '', ''),
(299, '2023-01-02', '2023-01-02 18:00:27', 95000, 'masuk', 2, 1, 'Pembayaran POS202301021753401', 278, 0, 0, '', 0, 0, 2, '', '', 0, '', 0, 0, '', ''),
(300, '2023-01-02', '2023-01-02 18:00:57', 40000, 'masuk', 2, 1, 'Pembayaran POS202301021800321', 280, 0, 0, '', 0, 0, 2, '', '', 0, '', 0, 0, '', ''),
(301, '2023-01-02', '2023-01-02 18:01:48', 50000, 'masuk', 2, 1, 'Pembayaran POS202301021753421', 279, 0, 0, '', 0, 0, 2, '', '', 0, '', 0, 0, '', ''),
(302, '2023-01-02', '2023-01-02 18:02:43', 30000, 'masuk', 2, 1, 'Pembayaran POS202301021801111', 281, 0, 0, '', 0, 0, 2, '', '', 0, '', 0, 0, '', ''),
(303, '2023-01-02', '2023-01-02 18:11:28', 30000, 'masuk', 2, 1, 'Pembayaran POS202301021802491', 282, 0, 0, '', 0, 0, 2, '', '', 0, '', 0, 0, '', ''),
(304, '2023-01-02', '2023-01-02 18:11:28', 30000, 'masuk', 2, 1, 'Pembayaran POS202301021802491', 282, 0, 0, '', 0, 0, 2, '', '', 0, '', 0, 0, '', ''),
(305, '2023-01-02', '2023-01-02 18:11:28', 30000, 'masuk', 2, 1, 'Pembayaran POS202301021802491', 282, 0, 0, '', 0, 0, 2, '', '', 0, '', 0, 0, '', ''),
(306, '2023-01-02', '2023-01-02 18:11:28', 30000, 'masuk', 2, 1, 'Pembayaran POS202301021802491', 282, 0, 0, '', 0, 0, 2, '', '', 0, '', 0, 0, '', ''),
(307, '2023-01-02', '2023-01-02 18:11:29', 30000, 'masuk', 2, 1, 'Pembayaran POS202301021802491', 282, 0, 0, '', 0, 0, 2, '', '', 0, '', 0, 0, '', ''),
(308, '2023-01-02', '2023-01-02 18:11:29', 30000, 'masuk', 2, 1, 'Pembayaran POS202301021802491', 282, 0, 0, '', 0, 0, 2, '', '', 0, '', 0, 0, '', ''),
(309, '2023-01-02', '2023-01-02 18:11:29', 30000, 'masuk', 2, 1, 'Pembayaran POS202301021802491', 282, 0, 0, '', 0, 0, 2, '', '', 0, '', 0, 0, '', ''),
(310, '2023-01-02', '2023-01-02 18:11:29', 30000, 'masuk', 2, 1, 'Pembayaran POS202301021802491', 282, 0, 0, '', 0, 0, 2, '', '', 0, '', 0, 0, '', ''),
(311, '2023-01-02', '2023-01-02 18:11:29', 30000, 'masuk', 2, 1, 'Pembayaran POS202301021802491', 282, 0, 0, '', 0, 0, 2, '', '', 0, '', 0, 0, '', ''),
(312, '2023-01-02', '2023-01-02 18:11:29', 30000, 'masuk', 2, 1, 'Pembayaran POS202301021802491', 282, 0, 0, '', 0, 0, 2, '', '', 0, '', 0, 0, '', ''),
(313, '2023-01-02', '2023-01-02 18:11:29', 30000, 'masuk', 2, 1, 'Pembayaran POS202301021802491', 282, 0, 0, '', 0, 0, 2, '', '', 0, '', 0, 0, '', ''),
(314, '2023-01-02', '2023-01-02 18:11:29', 30000, 'masuk', 2, 1, 'Pembayaran POS202301021802491', 282, 0, 0, '', 0, 0, 2, '', '', 0, '', 0, 0, '', ''),
(315, '2023-01-02', '2023-01-02 18:11:29', 30000, 'masuk', 2, 1, 'Pembayaran POS202301021802491', 282, 0, 0, '', 0, 0, 2, '', '', 0, '', 0, 0, '', ''),
(316, '2023-01-02', '2023-01-02 18:18:47', 30000, 'masuk', 2, 1, 'Pembayaran POS202301021802491', 282, 0, 0, '', 0, 0, 2, '', '', 0, '', 0, 0, '', ''),
(317, '2023-01-02', '2023-01-02 18:19:11', 18000, 'masuk', 2, 1, 'Pembayaran POS202301021818521', 283, 0, 0, '', 0, 0, 2, '', '', 0, '', 0, 0, '', ''),
(318, '2023-01-02', '2023-01-02 18:19:58', 66000, 'masuk', 2, 1, 'Pembayaran POS202301021819161', 284, 0, 0, '', 0, 0, 2, '', '', 0, '', 0, 0, '', ''),
(319, '2023-01-02', '2023-01-02 18:51:42', 29000, 'masuk', 2, 1, 'Pembayaran POS202301021840041', 286, 0, 0, '', 0, 0, 2, '', '', 0, '', 0, 0, '', ''),
(320, '2023-01-02', '2023-01-02 18:53:28', 26000, 'masuk', 2, 1, 'Pembayaran POS202301021851501', 287, 0, 0, '', 0, 0, 2, '', '', 0, '', 0, 0, '', ''),
(321, '2023-01-02', '2023-01-02 19:03:19', 20000, 'masuk', 2, 1, 'Pembayaran POS202301021902471', 288, 0, 0, '', 0, 0, 2, '', '', 0, '', 0, 0, '', ''),
(322, '2023-01-02', '2023-01-02 19:03:40', 171000, 'masuk', 2, 1, 'Pembayaran POS202301021820071', 285, 0, 0, '', 0, 0, 2, '', '', 0, '', 0, 0, '', ''),
(323, '2023-01-02', '2023-01-02 19:11:40', 16000, 'masuk', 2, 1, 'Pembayaran POS202301021907491', 290, 0, 0, '', 0, 0, 2, '', '', 0, '', 0, 0, '', ''),
(324, '2023-01-02', '2023-01-02 19:12:22', 27000, 'masuk', 2, 1, 'Pembayaran POS202301021911551', 291, 0, 0, '', 0, 0, 2, '', '', 0, '', 0, 0, '', ''),
(325, '2023-01-02', '2023-01-02 19:21:40', 3000, 'masuk', 2, 1, 'Pembayaran POS202301021919431', 294, 0, 0, '', 0, 0, 2, '', '', 0, '', 0, 0, '', ''),
(326, '2023-01-02', '2023-01-02 19:27:59', 67000, 'masuk', 2, 1, 'Pembayaran POS202301021921571', 295, 0, 0, '', 0, 0, 2, '', '', 0, '', 0, 0, '', ''),
(327, '2023-01-02', '2023-01-02 19:38:37', 14000, 'masuk', 2, 1, 'Pembayaran POS202301021928271', 296, 0, 0, '', 0, 0, 2, '', '', 0, '', 0, 0, '', ''),
(328, '2023-01-02', '2023-01-02 19:39:14', 1000, 'masuk', 2, 1, 'Pembayaran POS202301021903281', 289, 0, 0, '', 0, 0, 2, '', '', 0, '', 0, 0, '', ''),
(329, '2023-01-02', '2023-01-02 19:49:04', 35000, 'masuk', 2, 1, 'Pembayaran POS202301021947001', 298, 0, 0, '', 0, 0, 2, '', '', 0, '', 0, 0, '', ''),
(330, '2023-01-02', '2023-01-02 19:54:14', 11000, 'masuk', 2, 1, 'Pembayaran POS202301021952011', 299, 0, 0, '', 0, 0, 2, '', '', 0, '', 0, 0, '', ''),
(331, '2023-01-02', '2023-01-02 19:55:24', 20000, 'masuk', 2, 1, 'Pembayaran POS202301021954281', 300, 0, 0, '', 0, 0, 2, '', '', 0, '', 0, 0, '', ''),
(332, '2023-01-02', '2023-01-02 19:59:35', 22000, 'masuk', 2, 1, 'Pembayaran POS202301021958181', 301, 0, 0, '', 0, 0, 2, '', '', 0, '', 0, 0, '', ''),
(333, '2023-01-02', '2023-01-02 20:00:34', 23000, 'masuk', 2, 1, 'Pembayaran POS202301021959471', 302, 0, 0, '', 0, 0, 2, '', '', 0, '', 0, 0, '', ''),
(334, '2023-01-02', '2023-01-02 20:07:07', 12000, 'masuk', 2, 1, 'Pembayaran POS202301021939231', 297, 0, 0, '', 0, 0, 2, '', '', 0, '', 0, 0, '', ''),
(335, '2023-01-02', '2023-01-02 20:19:35', 20000, 'masuk', 2, 1, 'Pembayaran POS202301022003551', 303, 0, 0, '', 0, 0, 2, '', '', 0, '', 0, 0, '', ''),
(336, '2023-01-02', '2023-01-02 20:19:51', 20000, 'masuk', 2, 1, 'Pembayaran POS202301022003551', 303, 0, 0, '', 0, 0, 2, '', '', 0, '', 0, 0, '', ''),
(337, '2023-01-02', '2023-01-02 20:20:25', 23000, 'masuk', 2, 1, 'Pembayaran POS202301022020001', 304, 0, 0, '', 0, 0, 2, '', '', 0, '', 0, 0, '', ''),
(338, '2023-01-02', '2023-01-02 20:20:45', 30000, 'masuk', 2, 1, 'Pembayaran POS202301022020321', 305, 0, 0, '', 0, 0, 2, '', '', 0, '', 0, 0, '', ''),
(339, '2023-01-02', '2023-01-02 20:23:06', 6000, 'masuk', 2, 1, 'Pembayaran POS202301022020521', 306, 0, 0, '', 0, 0, 2, '', '', 0, '', 0, 0, '', ''),
(340, '2023-01-02', '2023-01-02 20:50:37', 45000, 'masuk', 2, 1, 'Pembayaran POS202301022023121', 307, 0, 0, '', 0, 0, 2, '', '', 0, '', 0, 0, '', ''),
(341, '2023-01-02', '2023-01-02 20:59:50', 5000, 'masuk', 2, 1, 'Pembayaran POS202301022050441', 308, 0, 0, '', 0, 0, 2, '', '', 0, '', 0, 0, '', ''),
(342, '2023-01-02', '2023-01-02 21:00:15', 48000, 'masuk', 2, 1, 'Pembayaran POS202301022059541', 309, 0, 0, '', 0, 0, 2, '', '', 0, '', 0, 0, '', ''),
(343, '2023-01-02', '2023-01-02 21:00:39', 32000, 'masuk', 2, 1, 'Pembayaran POS202301022100201', 310, 0, 0, '', 0, 0, 2, '', '', 0, '', 0, 0, '', ''),
(344, '2023-01-02', '2023-01-02 21:09:06', 37000, 'masuk', 2, 1, 'Pembayaran POS202301022100441', 311, 0, 0, '', 0, 0, 2, '', '', 0, '', 0, 0, '', ''),
(345, '2023-01-02', '2023-01-02 21:12:16', 22500, 'masuk', 2, 1, 'Pembayaran POS202301022109561', 312, 0, 0, '', 0, 0, 2, '', '', 0, '', 0, 0, '', ''),
(346, '2023-01-02', '2023-01-02 21:31:51', 18000, 'masuk', 2, 1, 'Pembayaran POS202301022112231', 313, 0, 0, '', 0, 0, 2, '', '', 0, '', 0, 0, '', ''),
(347, '2023-01-02', '2023-01-02 21:32:18', 40000, 'masuk', 2, 1, 'Pembayaran POS202301022131581', 314, 0, 0, '', 0, 0, 2, '', '', 0, '', 0, 0, '', ''),
(348, '2023-01-02', '2023-01-02 21:35:24', 9000, 'masuk', 2, 1, 'Pembayaran POS202301022132241', 315, 0, 0, '', 0, 0, 2, '', '', 0, '', 0, 0, '', ''),
(349, '2023-01-02', '2023-01-02 21:39:47', 3156000, 'keluar', 2, 1, 'Penarikan Kas', 0, 0, 0, '', 0, 1, 0, '', '', 0, '', 0, 0, '', ''),
(350, '2023-01-03', '2023-01-03 08:04:44', 395000, 'masuk', 1, 1, 'Modal Awal', 0, 0, 0, '', 1, 0, 2, '', '', 0, '', 0, 0, '', ''),
(351, '2023-01-03', '2023-01-03 08:05:33', 106000, 'masuk', 1, 1, 'Pembayaran POS202301030805051', 316, 0, 0, '', 0, 0, 2, '', '', 0, '', 0, 0, '', ''),
(352, '2023-01-03', '2023-01-03 08:21:18', 7000, 'masuk', 1, 1, 'Pembayaran POS202301030810441', 317, 0, 0, '', 0, 0, 2, '', '', 0, '', 0, 0, '', ''),
(353, '2023-01-03', '2023-01-03 08:41:30', 4000, 'masuk', 1, 1, 'Pembayaran POS202301030837511', 318, 0, 0, '', 0, 0, 2, '', '', 0, '', 0, 0, '', ''),
(354, '2023-01-03', '2023-01-03 08:54:08', 26000, 'masuk', 1, 1, 'Pembayaran POS202301030841351', 319, 0, 0, '', 0, 0, 2, '', '', 0, '', 0, 0, '', ''),
(355, '2023-01-03', '2023-01-03 09:15:17', 48000, 'masuk', 1, 1, 'Pembayaran POS202301030913431', 320, 0, 0, '', 0, 0, 2, '', '', 0, '', 0, 0, '', ''),
(356, '2023-01-03', '2023-01-03 09:23:14', 10000, 'masuk', 1, 1, 'Pembayaran POS202301030915231', 321, 0, 0, '', 0, 0, 2, '', '', 0, '', 0, 0, '', ''),
(357, '2023-01-03', '2023-01-03 09:28:08', 7000, 'masuk', 1, 1, 'Pembayaran POS202301030923181', 322, 0, 0, '', 0, 0, 2, '', '', 0, '', 0, 0, '', ''),
(358, '2023-01-03', '2023-01-03 09:50:21', 42000, 'masuk', 1, 1, 'Pembayaran POS202301030949211', 323, 0, 0, '', 0, 0, 2, '', '', 0, '', 0, 0, '', ''),
(359, '2023-01-03', '2023-01-03 10:29:28', 14000, 'masuk', 1, 1, 'Pembayaran POS202301031029161', 324, 0, 0, '', 0, 0, 2, '', '', 0, '', 0, 0, '', ''),
(360, '2023-01-03', '2023-01-03 11:02:07', 25000, 'masuk', 1, 1, 'Pembayaran POS202301031055111', 325, 0, 0, '', 0, 0, 2, '', '', 0, '', 0, 0, '', ''),
(361, '2023-01-03', '2023-01-03 11:18:02', 39000, 'masuk', 1, 1, 'Pembayaran POS202301031117361', 326, 0, 0, '', 0, 0, 2, '', '', 0, '', 0, 0, '', ''),
(362, '2023-01-03', '2023-01-03 11:18:52', 12000, 'masuk', 1, 1, 'Pembayaran POS202301031118071', 327, 0, 0, '', 0, 0, 2, '', '', 0, '', 0, 0, '', ''),
(363, '2023-01-03', '2023-01-03 11:19:46', 36000, 'masuk', 1, 1, 'Pembayaran POS202301031118591', 328, 0, 0, '', 0, 0, 2, '', '', 0, '', 0, 0, '', ''),
(364, '2023-01-03', '2023-01-03 11:20:35', 78000, 'masuk', 1, 1, 'Pembayaran POS202301031119511', 329, 0, 0, '', 0, 0, 2, '', '', 0, '', 0, 0, '', ''),
(365, '2023-01-03', '2023-01-03 11:21:14', 46000, 'masuk', 1, 1, 'Pembayaran POS202301031120391', 330, 0, 0, '', 0, 0, 2, '', '', 0, '', 0, 0, '', ''),
(366, '2023-01-03', '2023-01-03 11:46:07', 13000, 'masuk', 1, 1, 'Pembayaran POS202301031124411', 331, 0, 0, '', 0, 0, 2, '', '', 0, '', 0, 0, '', ''),
(367, '2023-01-03', '2023-01-03 12:00:56', 5000, 'masuk', 1, 1, 'Pembayaran POS202301031147451', 332, 0, 0, '', 0, 0, 2, '', '', 0, '', 0, 0, '', ''),
(368, '2023-01-03', '2023-01-03 12:09:22', 17000, 'masuk', 1, 1, 'Pembayaran POS202301031201261', 333, 0, 0, '', 0, 0, 2, '', '', 0, '', 0, 0, '', ''),
(369, '2023-01-03', '2023-01-03 12:16:05', 22000, 'masuk', 1, 1, 'Pembayaran POS202301031209291', 334, 0, 0, '', 0, 0, 2, '', '', 0, '', 0, 0, '', ''),
(370, '2023-01-03', '2023-01-03 12:21:18', 10000, 'masuk', 1, 1, 'Pembayaran POS202301031219581', 335, 0, 0, '', 0, 0, 2, '', '', 0, '', 0, 0, '', ''),
(371, '2023-01-03', '2023-01-03 12:31:06', 100000, 'masuk', 1, 1, 'Pembayaran POS202301031227151', 336, 0, 0, '', 0, 0, 2, '', '', 0, '', 0, 0, '', ''),
(372, '2023-01-03', '2023-01-03 12:40:04', 24000, 'masuk', 1, 1, 'Pembayaran POS202301031231121', 337, 0, 0, '', 0, 0, 2, '', '', 0, '', 0, 0, '', ''),
(373, '2023-01-03', '2023-01-03 12:44:37', 11000, 'masuk', 1, 1, 'Pembayaran POS202301031243451', 338, 0, 0, '', 0, 0, 2, '', '', 0, '', 0, 0, '', ''),
(374, '2023-01-03', '2023-01-03 12:44:56', 6000, 'masuk', 1, 1, 'Pembayaran POS202301031244421', 339, 0, 0, '', 0, 0, 2, '', '', 0, '', 0, 0, '', ''),
(375, '2023-01-03', '2023-01-03 13:00:20', 54000, 'masuk', 1, 1, 'Pembayaran POS202301031245111', 340, 0, 0, '', 0, 0, 2, '', '', 0, '', 0, 0, '', ''),
(376, '2023-01-03', '2023-01-03 13:24:12', 6000, 'masuk', 1, 1, 'Pembayaran POS202301031300261', 341, 0, 0, '', 0, 0, 2, '', '', 0, '', 0, 0, '', ''),
(377, '2023-01-03', '2023-01-03 13:56:01', 25000, 'masuk', 1, 1, 'Pembayaran POS202301031355481', 342, 0, 0, '', 0, 0, 2, '', '', 0, '', 0, 0, '', ''),
(378, '2023-01-03', '2023-01-03 14:02:02', 20000, 'masuk', 1, 1, 'Pembayaran POS202301031357311', 343, 0, 0, '', 0, 0, 2, '', '', 0, '', 0, 0, '', ''),
(379, '2023-01-03', '2023-01-03 14:14:52', 21000, 'masuk', 1, 1, 'Pembayaran POS202301031414291', 344, 0, 0, '', 0, 0, 2, '', '', 0, '', 0, 0, '', ''),
(380, '2023-01-03', '2023-01-03 14:21:18', 3000, 'masuk', 1, 1, 'Pembayaran POS202301031415001', 345, 0, 0, '', 0, 0, 2, '', '', 0, '', 0, 0, '', ''),
(381, '2023-01-03', '2023-01-03 14:30:09', 37000, 'masuk', 1, 1, 'Pembayaran POS202301031421461', 346, 0, 0, '', 0, 0, 2, '', '', 0, '', 0, 0, '', ''),
(382, '2023-01-03', '2023-01-03 14:33:52', 1269000, 'keluar', 1, 1, 'Penarikan Kas', 0, 0, 0, '', 0, 1, 0, '', '', 0, '', 0, 0, '', ''),
(383, '2023-01-03', '2023-01-03 14:34:09', 395000, 'masuk', 2, 1, 'Modal Awal', 0, 0, 0, '', 1, 0, 2, '', '', 0, '', 0, 0, '', ''),
(384, '2023-01-03', '2023-01-03 15:37:26', 14000, 'masuk', 2, 1, 'Pembayaran POS202301031455221', 347, 0, 0, '', 0, 0, 2, '', '', 0, '', 0, 0, '', ''),
(385, '2023-01-03', '2023-01-03 15:38:42', 41000, 'masuk', 2, 1, 'Pembayaran POS202301031537471', 348, 0, 0, '', 0, 0, 2, '', '', 0, '', 0, 0, '', ''),
(386, '2023-01-03', '2023-01-03 15:40:19', 20000, 'masuk', 2, 1, 'Pembayaran POS202301031538561', 349, 0, 0, '', 0, 0, 2, '', '', 0, '', 0, 0, '', ''),
(387, '2023-01-03', '2023-01-03 15:56:52', 12000, 'masuk', 2, 1, 'Pembayaran POS202301031541301', 350, 0, 0, '', 0, 0, 2, '', '', 0, '', 0, 0, '', ''),
(388, '2023-01-03', '2023-01-03 16:02:05', 50000, 'masuk', 2, 1, 'Pembayaran POS202301031601121', 351, 0, 0, '', 0, 0, 2, '', '', 0, '', 0, 0, '', ''),
(389, '2023-01-03', '2023-01-03 16:07:27', 8000, 'masuk', 2, 1, 'Pembayaran POS202301031607111', 352, 0, 0, '', 0, 0, 2, '', '', 0, '', 0, 0, '', ''),
(390, '2023-01-03', '2023-01-03 16:19:30', 21000, 'masuk', 2, 1, 'Pembayaran POS202301031607331', 353, 0, 0, '', 0, 0, 2, '', '', 0, '', 0, 0, '', ''),
(391, '2023-01-03', '2023-01-03 16:19:30', 21000, 'masuk', 2, 1, 'Pembayaran POS202301031607331', 353, 0, 0, '', 0, 0, 2, '', '', 0, '', 0, 0, '', ''),
(392, '2023-01-03', '2023-01-03 16:20:15', 67000, 'masuk', 2, 1, 'Pembayaran POS202301031619411', 354, 0, 0, '', 0, 0, 2, '', '', 0, '', 0, 0, '', ''),
(393, '2023-01-03', '2023-01-03 16:24:54', 41000, 'masuk', 2, 1, 'Pembayaran POS202301031624171', 355, 0, 0, '', 0, 0, 2, '', '', 0, '', 0, 0, '', ''),
(394, '2023-01-03', '2023-01-03 16:30:05', 21000, 'masuk', 2, 1, 'Pembayaran POS202301031625251', 356, 0, 0, '', 0, 0, 2, '', '', 0, '', 0, 0, '', ''),
(395, '2023-01-03', '2023-01-03 16:31:20', 12000, 'masuk', 2, 1, 'Pembayaran POS202301031630121', 357, 0, 0, '', 0, 0, 2, '', '', 0, '', 0, 0, '', ''),
(396, '2023-01-03', '2023-01-03 16:31:43', 12000, 'masuk', 2, 1, 'Pembayaran POS202301031631261', 358, 0, 0, '', 0, 0, 2, '', '', 0, '', 0, 0, '', ''),
(397, '2023-01-03', '2023-01-03 16:34:46', 10000, 'masuk', 2, 1, 'Pembayaran POS202301031631491', 359, 0, 0, '', 0, 0, 2, '', '', 0, '', 0, 0, '', ''),
(398, '2023-01-03', '2023-01-03 16:44:23', 58000, 'masuk', 2, 1, 'Pembayaran POS202301031634571', 360, 0, 0, '', 0, 0, 2, '', '', 0, '', 0, 0, '', ''),
(399, '2023-01-03', '2023-01-03 16:50:04', 10000, 'masuk', 2, 1, 'Pembayaran POS202301031644281', 361, 0, 0, '', 0, 0, 2, '', '', 0, '', 0, 0, '', ''),
(400, '2023-01-03', '2023-01-03 17:00:16', 13000, 'masuk', 2, 1, 'Pembayaran POS202301031650111', 362, 0, 0, '', 0, 0, 2, '', '', 0, '', 0, 0, '', ''),
(401, '2023-01-03', '2023-01-03 17:02:59', 21000, 'masuk', 2, 1, 'Pembayaran POS202301031700251', 363, 0, 0, '', 0, 0, 2, '', '', 0, '', 0, 0, '', ''),
(402, '2023-01-03', '2023-01-03 17:25:56', 10000, 'masuk', 2, 1, 'Pembayaran POS202301031703141', 364, 0, 0, '', 0, 0, 2, '', '', 0, '', 0, 0, '', ''),
(403, '2023-01-03', '2023-01-03 17:28:25', 12000, 'masuk', 2, 1, 'Pembayaran POS202301031726021', 365, 0, 0, '', 0, 0, 2, '', '', 0, '', 0, 0, '', ''),
(404, '2023-01-03', '2023-01-03 17:29:56', 18000, 'masuk', 2, 1, 'Pembayaran POS202301031728441', 366, 0, 0, '', 0, 0, 2, '', '', 0, '', 0, 0, '', ''),
(405, '2023-01-03', '2023-01-03 17:48:27', 52000, 'masuk', 2, 1, 'Pembayaran POS202301031730011', 367, 0, 0, '', 0, 0, 2, '', '', 0, '', 0, 0, '', ''),
(406, '2023-01-03', '2023-01-03 18:11:59', 13000, 'masuk', 2, 1, 'Pembayaran POS202301031811261', 369, 0, 0, '', 0, 0, 2, '', '', 0, '', 0, 0, '', ''),
(407, '2023-01-03', '2023-01-03 18:23:59', 32000, 'masuk', 2, 1, 'Pembayaran POS202301031812111', 370, 0, 0, '', 0, 0, 2, '', '', 0, '', 0, 0, '', ''),
(408, '2023-01-03', '2023-01-03 18:52:23', 28000, 'masuk', 2, 1, 'Pembayaran POS202301031824101', 371, 0, 0, '', 0, 0, 2, '', '', 0, '', 0, 0, '', ''),
(409, '2023-01-03', '2023-01-03 18:56:58', 18000, 'masuk', 2, 1, 'Pembayaran POS202301031852291', 372, 0, 0, '', 0, 0, 2, '', '', 0, '', 0, 0, '', ''),
(410, '2023-01-03', '2023-01-03 18:57:20', 10000, 'masuk', 2, 1, 'Pembayaran POS202301031857061', 373, 0, 0, '', 0, 0, 2, '', '', 0, '', 0, 0, '', ''),
(411, '2023-01-03', '2023-01-03 19:04:47', 10000, 'masuk', 2, 1, 'Pembayaran POS202301031904181', 374, 0, 0, '', 0, 0, 2, '', '', 0, '', 0, 0, '', ''),
(412, '2023-01-03', '2023-01-03 19:11:07', 43000, 'masuk', 2, 1, 'Pembayaran POS202301031904591', 375, 0, 0, '', 0, 0, 2, '', '', 0, '', 0, 0, '', ''),
(413, '2023-01-03', '2023-01-03 19:13:49', 18000, 'masuk', 2, 1, 'Pembayaran POS202301031911231', 376, 0, 0, '', 0, 0, 2, '', '', 0, '', 0, 0, '', ''),
(414, '2023-01-03', '2023-01-03 19:24:52', 28000, 'masuk', 2, 1, 'Pembayaran POS202301031924341', 377, 0, 0, '', 0, 0, 2, '', '', 0, '', 0, 0, '', ''),
(415, '2023-01-03', '2023-01-03 19:27:40', 96000, 'masuk', 2, 1, 'Pembayaran POS202301031925041', 378, 0, 0, '', 0, 0, 2, '', '', 0, '', 0, 0, '', ''),
(417, '2023-01-03', '2023-01-03 19:41:13', 10000, 'masuk', 2, 1, 'Pembayaran POS202301031940451', 380, 0, 0, '', 0, 0, 2, '', '', 0, '', 0, 0, '', ''),
(418, '2023-01-03', '2023-01-03 19:41:32', 34000, 'masuk', 2, 1, 'Pembayaran POS202301031941211', 381, 0, 0, '', 0, 0, 2, '', '', 0, '', 0, 0, '', ''),
(419, '2023-01-03', '2023-01-03 19:47:32', 16000, 'masuk', 2, 1, 'Pembayaran POS202301031945221', 382, 0, 0, '', 0, 0, 2, '', '', 0, '', 0, 0, '', ''),
(420, '2023-01-03', '2023-01-03 19:58:31', 6000, 'masuk', 2, 1, 'Pembayaran POS202301031947381', 383, 0, 0, '', 0, 0, 2, '', '', 0, '', 0, 0, '', ''),
(421, '2023-01-03', '2023-01-03 19:59:45', 27000, 'masuk', 2, 1, 'Pembayaran POS202301031958401', 384, 0, 0, '', 0, 0, 2, '', '', 0, '', 0, 0, '', ''),
(422, '2023-01-03', '2023-01-03 20:04:34', 8000, 'masuk', 2, 1, 'Pembayaran POS202301031959561', 385, 0, 0, '', 0, 0, 2, '', '', 0, '', 0, 0, '', ''),
(423, '2023-01-03', '2023-01-03 20:05:13', 5000, 'masuk', 2, 1, 'Pembayaran POS202301032005021', 387, 0, 0, '', 0, 0, 2, '', '', 0, '', 0, 0, '', ''),
(424, '2023-01-03', '2023-01-03 20:05:13', 5000, 'masuk', 2, 1, 'Pembayaran POS202301032005021', 387, 0, 0, '', 0, 0, 2, '', '', 0, '', 0, 0, '', ''),
(425, '2023-01-03', '2023-01-03 20:10:34', 10000, 'masuk', 2, 1, 'Pembayaran POS202301032009051', 388, 0, 0, '', 0, 0, 2, '', '', 0, '', 0, 0, '', ''),
(426, '2023-01-03', '2023-01-03 20:18:11', 10000, 'masuk', 2, 1, 'Pembayaran POS202301032017491', 389, 0, 0, '', 0, 0, 2, '', '', 0, '', 0, 0, '', ''),
(427, '2023-01-03', '2023-01-03 20:19:38', 13000, 'masuk', 2, 1, 'Pembayaran POS202301032018201', 390, 0, 0, '', 0, 0, 2, '', '', 0, '', 0, 0, '', ''),
(428, '2023-01-03', '2023-01-03 20:26:06', 53000, 'masuk', 2, 1, 'Pembayaran POS202301032025041', 391, 0, 0, '', 0, 0, 2, '', '', 0, '', 0, 0, '', ''),
(429, '2023-01-03', '2023-01-03 20:29:59', 33000, 'masuk', 2, 1, 'Pembayaran POS202301032026131', 392, 0, 0, '', 0, 0, 2, '', '', 0, '', 0, 0, '', ''),
(430, '2023-01-03', '2023-01-03 20:31:16', 46000, 'masuk', 2, 1, 'Pembayaran POS202301032030061', 393, 0, 0, '', 0, 0, 2, '', '', 0, '', 0, 0, '', ''),
(431, '2023-01-03', '2023-01-03 20:42:26', 14000, 'masuk', 2, 1, 'Pembayaran POS202301032031241', 394, 0, 0, '', 0, 0, 2, '', '', 0, '', 0, 0, '', ''),
(432, '2023-01-03', '2023-01-03 20:56:47', 42000, 'masuk', 2, 1, 'Pembayaran POS202301032042331', 395, 0, 0, '', 0, 0, 2, '', '', 0, '', 0, 0, '', '');
INSERT INTO `kas` (`kas_id`, `kas_date`, `kas_datetime`, `kas_nominal`, `kas_type`, `kas_shift`, `store_id`, `kas_description`, `transaction_id`, `purchase_id`, `payment_id`, `payment_no`, `kas_modal`, `kas_tariksetoran`, `account_id`, `kas_numcek`, `kas_numcard`, `bank_id`, `kas_numrek`, `member_id`, `courier_id`, `kas_numovo`, `kas_numgopay`) VALUES
(433, '2023-01-03', '2023-01-03 20:59:41', 14000, 'masuk', 2, 1, 'Pembayaran POS202301032059231', 396, 0, 0, '', 0, 0, 2, '', '', 0, '', 0, 0, '', ''),
(434, '2023-01-03', '2023-01-03 21:05:30', 30000, 'masuk', 2, 1, 'Pembayaran POS202301032102441', 397, 0, 0, '', 0, 0, 2, '', '', 0, '', 0, 0, '', ''),
(435, '2023-01-03', '2023-01-03 21:05:55', 78000, 'masuk', 2, 1, 'Pembayaran POS202301031748461', 368, 0, 0, '', 0, 0, 2, '', '', 0, '', 0, 0, '', ''),
(436, '2023-01-03', '2023-01-03 21:15:38', 31000, 'masuk', 2, 1, 'Pembayaran POS202301032114371', 398, 0, 0, '', 0, 0, 2, '', '', 0, '', 0, 0, '', ''),
(437, '2023-01-03', '2023-01-03 21:30:23', 1723000, 'keluar', 2, 1, 'Penarikan Kas', 0, 0, 0, '', 0, 1, 0, '', '', 0, '', 0, 0, '', ''),
(438, '2023-01-04', '2023-01-04 07:39:05', 403000, 'masuk', 1, 1, 'Modal Awal', 0, 0, 0, '', 1, 0, 2, '', '', 0, '', 0, 0, '', ''),
(439, '2023-01-04', '2023-01-04 08:02:46', 23000, 'masuk', 1, 1, 'Pembayaran POS202301040739111', 399, 0, 0, '', 0, 0, 2, '', '', 0, '', 0, 0, '', ''),
(440, '2023-01-04', '2023-01-04 08:03:10', 60000, 'masuk', 1, 1, 'Pembayaran POS202301040802521', 400, 0, 0, '', 0, 0, 2, '', '', 0, '', 0, 0, '', ''),
(441, '2023-01-04', '2023-01-04 08:04:19', 50000, 'masuk', 1, 1, 'Pembayaran POS202301040803171', 401, 0, 0, '', 0, 0, 2, '', '', 0, '', 0, 0, '', ''),
(442, '2023-01-04', '2023-01-04 08:36:26', 56000, 'masuk', 1, 1, 'Pembayaran POS202301040804251', 402, 0, 0, '', 0, 0, 2, '', '', 0, '', 0, 0, '', ''),
(443, '2023-01-04', '2023-01-04 08:51:11', 30500, 'masuk', 1, 1, 'Pembayaran POS202301040836341', 403, 0, 0, '', 0, 0, 2, '', '', 0, '', 0, 0, '', ''),
(444, '2023-01-04', '2023-01-04 08:51:29', 14000, 'masuk', 1, 1, 'Pembayaran POS202301040851171', 404, 0, 0, '', 0, 0, 2, '', '', 0, '', 0, 0, '', ''),
(445, '2023-01-04', '2023-01-04 09:22:33', 31000, 'masuk', 1, 1, 'Pembayaran POS202301040851351', 405, 0, 0, '', 0, 0, 2, '', '', 0, '', 0, 0, '', ''),
(446, '2023-01-04', '2023-01-04 09:23:01', 26000, 'masuk', 1, 1, 'Pembayaran POS202301040922411', 406, 0, 0, '', 0, 0, 2, '', '', 0, '', 0, 0, '', ''),
(447, '2023-01-04', '2023-01-04 09:29:08', 5000, 'masuk', 1, 1, 'Pembayaran POS202301040926581', 407, 0, 0, '', 0, 0, 2, '', '', 0, '', 0, 0, '', ''),
(448, '2023-01-04', '2023-01-04 09:34:12', 34000, 'masuk', 1, 1, 'Pembayaran POS202301040929141', 408, 0, 0, '', 0, 0, 2, '', '', 0, '', 0, 0, '', ''),
(449, '2023-01-04', '2023-01-04 09:52:09', 9000, 'masuk', 1, 1, 'Pembayaran POS202301040934181', 409, 0, 0, '', 0, 0, 2, '', '', 0, '', 0, 0, '', ''),
(450, '2023-01-12', '2023-01-12 20:48:10', 13000, 'masuk', 1, 1, 'Pembayaran POS202301121611031', 411, 0, 0, '', 0, 0, 0, '', '', 0, '', 0, 0, '', ''),
(451, '2023-01-12', '2023-01-12 21:14:27', 13000, 'masuk', 1, 1, 'Pembayaran POS202301122108581', 412, 0, 0, '', 0, 0, 2, '', '', 0, '', 0, 0, '', ''),
(453, '2023-01-15', '2023-01-15 17:56:01', 111000, 'keluar', 1, 1, 'Pembayaran Tagihan PUR202301151738341', 0, 32, 31, 'PAY202301151756011', 0, 0, 16, '', '', 0, '', 0, 0, '', ''),
(454, '2023-01-15', '2023-01-15 18:02:19', 656500, 'keluar', 1, 1, 'Penarikan Kas', 0, 0, 0, '', 0, 1, 0, '', '', 0, '', 0, 0, '', ''),
(455, '2023-01-15', '2023-01-15 18:10:03', 100000, 'masuk', 1, 1, 'Modal Awal', 0, 0, 0, '', 1, 0, 1, '', '', 0, '', 0, 0, '', ''),
(456, '2023-01-15', '2023-01-15 18:11:30', 17000, 'masuk', 1, 1, 'Pembayaran POS202301151811181', 413, 0, 0, '', 0, 0, 2, '', '', 0, '', 0, 0, '', ''),
(457, '2023-01-15', '2023-01-15 18:11:57', 117000, 'keluar', 1, 1, 'Penarikan Kas', 0, 0, 0, '', 0, 1, 15, '', '', 0, '', 0, 0, '', ''),
(458, '2023-01-21', '2023-01-21 13:06:39', 100000, 'masuk', 1, 1, 'Modal Awal', 0, 0, 0, '', 1, 0, 1, '', '', 0, '', 0, 0, '', ''),
(459, '2023-02-16', '2023-02-16 20:54:10', 100000, 'keluar', 2, 0, 'Pembayaran kpd PT.ABC', 0, 0, 32, 'PAY202302162054100', 0, 0, 16, '', '', 0, '', 0, 0, '', ''),
(460, '2023-02-23', '2023-02-23 17:44:36', 54000, 'masuk', 1, 0, 'Pembayaran POS202302231744260', 416, 0, 0, '', 0, 0, 2, '', '', 0, '', 0, 0, '', ''),
(461, '2023-03-09', '2023-03-09 14:35:52', 1528000, 'masuk', 1, 0, 'Pembayaran POS202303091433290', 4, 0, 0, '', 0, 0, 2, '', '', 0, '', 0, 0, '', '');

-- --------------------------------------------------------

--
-- Table structure for table `loker`
--

CREATE TABLE `loker` (
  `loker_id` int(11) NOT NULL,
  `loker_name` varchar(100) NOT NULL,
  `store_id` int(11) NOT NULL,
  `transaction_id` int(11) NOT NULL
) ENGINE=InnoDB DEFAULT CHARSET=utf8mb4;

--
-- Dumping data for table `loker`
--

INSERT INTO `loker` (`loker_id`, `loker_name`, `store_id`, `transaction_id`) VALUES
(1, '1', 0, 0),
(2, '2', 0, 0),
(3, '3', 0, 0),
(4, '4', 0, 0),
(5, '5', 0, 0);

-- --------------------------------------------------------

--
-- Table structure for table `memaddress`
--

CREATE TABLE `memaddress` (
  `memaddress_id` bigint(20) UNSIGNED NOT NULL,
  `member_id` int(11) NOT NULL,
  `memaddress_name` varchar(255) COLLATE utf8mb4_unicode_ci NOT NULL,
  `memaddress_address` varchar(255) COLLATE utf8mb4_unicode_ci NOT NULL,
  `memaddress_lat` timestamp NULL DEFAULT NULL,
  `memaddress_lon` timestamp NULL DEFAULT NULL,
  `memaddress_default` tinyint(1) DEFAULT NULL,
  `remember_token` varchar(100) COLLATE utf8mb4_unicode_ci DEFAULT NULL,
  `created_at` timestamp NULL DEFAULT NULL,
  `updated_at` timestamp NULL DEFAULT NULL
) ENGINE=InnoDB DEFAULT CHARSET=utf8mb4 COLLATE=utf8mb4_unicode_ci;

-- --------------------------------------------------------

--
-- Table structure for table `member`
--

CREATE TABLE `member` (
  `member_id` bigint(20) UNSIGNED NOT NULL,
  `member_name` varchar(255) COLLATE utf8mb4_unicode_ci NOT NULL,
  `member_email` varchar(255) COLLATE utf8mb4_unicode_ci NOT NULL,
  `member_password` varchar(255) COLLATE utf8mb4_unicode_ci NOT NULL,
  `member_address` text COLLATE utf8mb4_unicode_ci NOT NULL,
  `member_no` varchar(100) COLLATE utf8mb4_unicode_ci DEFAULT NULL,
  `store_id` int(11) NOT NULL,
  `member_date` date NOT NULL DEFAULT current_timestamp(),
  `member_datetime` datetime NOT NULL DEFAULT current_timestamp(),
  `member_birthday` date DEFAULT NULL,
  `positionm_id` int(11) NOT NULL,
  `member_saldo` int(11) NOT NULL
) ENGINE=InnoDB DEFAULT CHARSET=utf8mb4 COLLATE=utf8mb4_unicode_ci;

--
-- Dumping data for table `member`
--

INSERT INTO `member` (`member_id`, `member_name`, `member_email`, `member_password`, `member_address`, `member_no`, `store_id`, `member_date`, `member_datetime`, `member_birthday`, `positionm_id`, `member_saldo`) VALUES
(1, 'ihsan', 'ihsan.dulu@gmail.com', '$2y$10$JUbEpkkS45bmF5kovD4bueniC2RF3ZFlQkr8IiPtdLIG8q2ArFF1C', '', '08567148813', 0, '2023-03-07', '2023-03-07 23:52:34', NULL, 0, 0);

-- --------------------------------------------------------

--
-- Table structure for table `migrations`
--

CREATE TABLE `migrations` (
  `id` int(10) UNSIGNED NOT NULL,
  `migration` varchar(255) COLLATE utf8mb4_unicode_ci NOT NULL,
  `batch` int(11) NOT NULL
) ENGINE=InnoDB DEFAULT CHARSET=utf8mb4 COLLATE=utf8mb4_unicode_ci;

--
-- Dumping data for table `migrations`
--

INSERT INTO `migrations` (`id`, `migration`, `batch`) VALUES
(1, '2014_10_12_000000_create_users_table', 1),
(2, '2014_10_12_100000_create_password_resets_table', 1),
(3, '2019_08_19_000000_create_failed_jobs_table', 1),
(4, '2019_12_14_000001_create_personal_access_tokens_table', 1),
(5, '2022_07_03_013337_modl', 1);

-- --------------------------------------------------------

--
-- Table structure for table `modal`
--

CREATE TABLE `modal` (
  `modal_id` int(11) NOT NULL,
  `modal_date` date NOT NULL,
  `modal_datetime` datetime NOT NULL DEFAULT current_timestamp(),
  `modal_nominal` int(11) NOT NULL,
  `modal_shift` int(11) NOT NULL,
  `store_id` int(11) NOT NULL,
  `kas_id` int(11) NOT NULL,
  `account_id` int(11) NOT NULL
) ENGINE=InnoDB DEFAULT CHARSET=utf8mb4;

--
-- Dumping data for table `modal`
--

INSERT INTO `modal` (`modal_id`, `modal_date`, `modal_datetime`, `modal_nominal`, `modal_shift`, `store_id`, `kas_id`, `account_id`) VALUES
(65, '2022-12-27', '2022-12-27 09:14:50', 410000, 1, 1, 71, 0),
(66, '2022-12-27', '2022-12-27 09:49:40', 410000, 2, 1, 80, 0),
(67, '2022-12-31', '2022-12-31 09:13:08', 400000, 1, 1, 87, 0),
(68, '2022-12-31', '2022-12-31 09:41:10', 400000, 2, 1, 93, 0),
(69, '2022-12-31', '2022-12-31 17:06:33', 400000, 3, 1, 122, 0),
(70, '2023-01-01', '2023-01-01 07:46:29', 400000, 1, 1, 168, 0),
(71, '2023-01-01', '2023-01-01 16:08:22', 400000, 2, 1, 205, 0),
(72, '2023-01-02', '2023-01-02 07:43:53', 7156000, 1, 1, 241, 0),
(73, '2023-01-02', '2023-01-02 14:35:22', 400000, 2, 1, 274, 0),
(74, '2023-01-03', '2023-01-03 08:04:44', 395000, 1, 1, 350, 0),
(75, '2023-01-03', '2023-01-03 14:34:09', 395000, 2, 1, 383, 0),
(76, '2023-01-04', '2023-01-04 07:39:05', 403000, 1, 1, 438, 0),
(77, '2023-01-15', '2023-01-15 18:10:03', 100000, 1, 1, 455, 1),
(78, '2023-01-21', '2023-01-21 13:06:40', 100000, 1, 1, 458, 1);

-- --------------------------------------------------------

--
-- Table structure for table `pages`
--

CREATE TABLE `pages` (
  `pages_id` int(11) NOT NULL,
  `pages_name` varchar(255) NOT NULL,
  `pages_url` text NOT NULL,
  `pages_category` int(11) NOT NULL COMMENT '1=master, 2=transaction, 3=report'
) ENGINE=InnoDB DEFAULT CHARSET=utf8mb4;

--
-- Dumping data for table `pages`
--

INSERT INTO `pages` (`pages_id`, `pages_name`, `pages_url`, `pages_category`) VALUES
(1, 'master', '', 1),
(2, 'manajemen user', '', 1),
(3, 'position', 'mposition', 1),
(4, 'rules', 'mpositionpages', 1),
(5, 'user', 'muser', 1),
(6, 'outlet', 'mstore', 1),
(7, 'ppn', 'mppn', 1),
(8, 'product', 'mproduct', 1),
(9, 'transaction', '', 2),
(10, 'category', 'mcategory', 1),
(11, 'unit', 'munit', 1),
(13, 'pos', 'transaction', 2),
(14, 'report', '', 3),
(15, 'kas', 'rkas', 3),
(16, 'transaction', 'rtransaction', 3),
(17, 'laba rugi', 'rlabarugi', 3),
(18, 'purchase', 'purchase', 2),
(19, 'supplier', 'msupplier', 1),
(20, 'payment', 'payment', 2),
(21, 'neraca', 'rneraca', 3),
(22, 'akun', 'maccount', 1),
(23, 'bank', 'mbank', 1),
(24, 'produk keluar', 'rprodukkeluar', 3),
(25, 'produk masuk', 'rprodukmasuk', 3),
(26, 'room', 'mroom', 1),
(27, 'loker', 'mloker', 1);

-- --------------------------------------------------------

--
-- Table structure for table `password_resets`
--

CREATE TABLE `password_resets` (
  `email` varchar(255) COLLATE utf8mb4_unicode_ci NOT NULL,
  `token` varchar(255) COLLATE utf8mb4_unicode_ci NOT NULL,
  `created_at` timestamp NULL DEFAULT NULL
) ENGINE=InnoDB DEFAULT CHARSET=utf8mb4 COLLATE=utf8mb4_unicode_ci;

-- --------------------------------------------------------

--
-- Table structure for table `payment`
--

CREATE TABLE `payment` (
  `payment_id` int(11) NOT NULL,
  `payment_date` date NOT NULL,
  `payment_datetime` datetime NOT NULL DEFAULT current_timestamp(),
  `payment_nominal` int(11) NOT NULL,
  `purchase_id` int(11) NOT NULL,
  `store_id` int(11) NOT NULL,
  `cashier_id` int(11) NOT NULL,
  `supplier_id` int(11) NOT NULL,
  `payment_no` varchar(20) NOT NULL,
  `account_id` int(11) NOT NULL
) ENGINE=InnoDB DEFAULT CHARSET=utf8mb4;

-- --------------------------------------------------------

--
-- Table structure for table `personal_access_tokens`
--

CREATE TABLE `personal_access_tokens` (
  `id` bigint(20) UNSIGNED NOT NULL,
  `tokenable_type` varchar(255) COLLATE utf8mb4_unicode_ci NOT NULL,
  `tokenable_id` bigint(20) UNSIGNED NOT NULL,
  `name` varchar(255) COLLATE utf8mb4_unicode_ci NOT NULL,
  `token` varchar(64) COLLATE utf8mb4_unicode_ci NOT NULL,
  `abilities` text COLLATE utf8mb4_unicode_ci DEFAULT NULL,
  `last_used_at` timestamp NULL DEFAULT NULL,
  `created_at` timestamp NULL DEFAULT NULL,
  `updated_at` timestamp NULL DEFAULT NULL
) ENGINE=InnoDB DEFAULT CHARSET=utf8mb4 COLLATE=utf8mb4_unicode_ci;

-- --------------------------------------------------------

--
-- Table structure for table `position`
--

CREATE TABLE `position` (
  `position_id` bigint(20) UNSIGNED NOT NULL,
  `position_administrator` int(11) NOT NULL COMMENT '1=administrator,2=admin',
  `position_name` varchar(255) COLLATE utf8mb4_unicode_ci NOT NULL,
  `position_datetime` datetime DEFAULT current_timestamp(),
  `store_id` int(11) NOT NULL
) ENGINE=InnoDB DEFAULT CHARSET=utf8mb4 COLLATE=utf8mb4_unicode_ci;

--
-- Dumping data for table `position`
--

INSERT INTO `position` (`position_id`, `position_administrator`, `position_name`, `position_datetime`, `store_id`) VALUES
(1, 2, 'Manager', '2022-07-14 06:54:08', 0),
(3, 0, 'GRO', '2022-07-14 06:54:08', 0),
(4, 0, 'Kasir', '2022-07-14 06:54:08', 0),
(5, 1, 'Administrator', '2022-12-12 02:03:44', 0),
(8, 1, 'Administrator', '2022-12-25 06:31:31', 1),
(9, 2, 'Admin', '2022-12-25 06:32:09', 1),
(10, 0, 'Karyawan', '2022-12-25 06:37:53', 1),
(11, 0, 'Admin', '2023-03-09 14:07:17', 0),
(12, 0, 'Manajemen', '2023-03-16 13:55:01', 0);

-- --------------------------------------------------------

--
-- Table structure for table `positionm`
--

CREATE TABLE `positionm` (
  `positionm_id` int(11) NOT NULL,
  `positionm_name` varchar(255) NOT NULL,
  `store_id` int(11) NOT NULL,
  `positionm_datetime` datetime NOT NULL DEFAULT current_timestamp()
) ENGINE=InnoDB DEFAULT CHARSET=utf8mb4;

--
-- Dumping data for table `positionm`
--

INSERT INTO `positionm` (`positionm_id`, `positionm_name`, `store_id`, `positionm_datetime`) VALUES
(1, 'Silver', 1, '2022-12-31 06:05:33'),
(2, 'Gold', 1, '2022-12-31 06:05:37'),
(3, 'Platinum', 1, '2022-12-31 06:05:43'),
(5, 'Member', 0, '2023-03-09 14:09:54');

-- --------------------------------------------------------

--
-- Table structure for table `positionpages`
--

CREATE TABLE `positionpages` (
  `positionpages_id` int(11) NOT NULL,
  `pages_id` int(11) NOT NULL,
  `position_id` int(11) NOT NULL,
  `positionpages_read` tinyint(1) DEFAULT NULL,
  `positionpages_create` tinyint(1) DEFAULT NULL,
  `positionpages_update` tinyint(1) DEFAULT NULL,
  `positionpages_delete` tinyint(1) DEFAULT NULL,
  `positionpages_approve` tinyint(1) DEFAULT NULL
) ENGINE=InnoDB DEFAULT CHARSET=utf8mb4;

--
-- Dumping data for table `positionpages`
--

INSERT INTO `positionpages` (`positionpages_id`, `pages_id`, `position_id`, `positionpages_read`, `positionpages_create`, `positionpages_update`, `positionpages_delete`, `positionpages_approve`) VALUES
(2, 1, 1, 1, 1, 1, 1, 1),
(3, 2, 1, 1, 1, 1, 1, 1),
(4, 3, 1, 1, 1, 1, 1, 1),
(5, 4, 1, 1, 1, 1, 1, 1),
(6, 5, 1, 1, 1, 1, 1, 1),
(7, 1, 4, 1, 1, 0, NULL, NULL),
(8, 3, 4, 1, 1, 0, NULL, NULL),
(9, 2, 4, 1, 1, 0, NULL, NULL),
(10, 4, 4, 1, 1, 0, NULL, NULL),
(11, 5, 4, 1, 1, 0, NULL, NULL),
(12, 5, 7, 1, 1, 1, NULL, NULL),
(13, 1, 7, 1, 1, 1, 1, NULL),
(14, 6, 7, 1, 1, 1, NULL, NULL),
(15, 2, 7, 1, 1, 1, NULL, NULL),
(16, 4, 7, 1, 1, 1, NULL, NULL),
(17, 3, 7, 1, 1, 1, NULL, NULL),
(18, 10, 7, 1, 1, 1, NULL, NULL),
(19, 11, 7, 1, 1, 1, 1, NULL),
(20, 13, 7, 1, 1, 1, NULL, 1),
(21, 13, 4, 1, 0, 1, 1, NULL),
(22, 1, 9, 1, 1, 1, 1, 1),
(23, 11, 9, 1, 1, 1, 1, 1),
(24, 10, 9, 1, 1, 1, 1, 1),
(25, 15, 9, 1, 1, 1, 1, 1),
(26, 13, 9, 1, 1, 1, 1, 1),
(27, 14, 9, 1, 1, 1, 1, 1),
(28, 16, 9, 1, 1, 1, 1, 1),
(29, 17, 9, 1, 1, 1, 1, 1),
(30, 18, 9, 1, 1, 1, 1, 1),
(31, 11, 10, 1, 1, 1, 1, 1),
(32, 1, 10, 1, 1, 1, 1, 1),
(33, 15, 10, 1, 1, 1, 1, 1),
(34, 13, 10, 1, 1, 1, 1, 1),
(35, 10, 10, 1, 1, 1, 1, 1),
(36, 14, 10, 1, 1, 1, 1, 1),
(37, 16, 10, 1, 1, 1, 1, 1),
(38, 17, 10, 1, 1, 1, 1, 1),
(39, 18, 10, 1, 1, 1, 1, 1),
(40, 2, 10, 1, 1, 1, 1, 1),
(41, 6, 10, 1, 1, 1, 1, 1),
(42, 4, 10, 1, 1, 1, 1, 1),
(43, 5, 10, 1, 1, 1, 1, 1),
(44, 3, 10, 1, 1, 1, 1, 1),
(45, 7, 10, 1, 1, 1, 1, 1),
(46, 8, 10, 1, 1, 1, 1, 1),
(47, 9, 10, 1, 1, 1, 1, 1),
(48, 1, 11, 1, 1, NULL, NULL, NULL),
(49, 6, 1, 1, NULL, NULL, NULL, NULL),
(50, 10, 1, 1, NULL, NULL, NULL, NULL),
(51, 8, 1, 1, NULL, NULL, NULL, NULL),
(52, 9, 1, 1, NULL, NULL, NULL, NULL),
(53, 7, 1, 1, NULL, NULL, NULL, NULL),
(54, 11, 1, 1, NULL, NULL, NULL, NULL),
(55, 13, 1, 1, NULL, NULL, NULL, NULL),
(56, 14, 1, 1, NULL, NULL, NULL, NULL),
(57, 15, 1, 1, NULL, NULL, NULL, NULL),
(58, 16, 1, 1, NULL, NULL, NULL, NULL),
(59, 17, 1, 1, NULL, NULL, NULL, NULL),
(60, 18, 1, 1, NULL, NULL, NULL, NULL),
(61, 19, 1, 1, NULL, NULL, NULL, NULL),
(62, 20, 1, 1, NULL, NULL, NULL, NULL),
(63, 21, 1, 1, NULL, NULL, NULL, NULL),
(64, 22, 1, 1, NULL, NULL, NULL, NULL),
(65, 23, 1, 1, NULL, NULL, NULL, NULL),
(66, 24, 1, 1, NULL, NULL, NULL, NULL),
(67, 25, 1, 1, NULL, NULL, NULL, NULL),
(68, 26, 1, 1, NULL, NULL, NULL, NULL);

-- --------------------------------------------------------

--
-- Table structure for table `ppn`
--

CREATE TABLE `ppn` (
  `ppn_id` int(11) NOT NULL,
  `ppn_type` int(11) NOT NULL COMMENT '1=pembelian,2=penjualan',
  `ppn_nominal` varchar(5) NOT NULL,
  `ppn_activedate` date NOT NULL,
  `ppn_datetime` datetime NOT NULL DEFAULT current_timestamp(),
  `store_id` int(11) NOT NULL
) ENGINE=InnoDB DEFAULT CHARSET=utf8mb4;

--
-- Dumping data for table `ppn`
--

INSERT INTO `ppn` (`ppn_id`, `ppn_type`, `ppn_nominal`, `ppn_activedate`, `ppn_datetime`, `store_id`) VALUES
(1, 1, '10', '2022-12-11', '2022-12-13 08:44:28', 0),
(2, 1, '12', '2022-12-20', '2022-12-13 08:48:03', 0),
(3, 1, '11', '2022-12-13', '2022-12-13 08:48:37', 0);

-- --------------------------------------------------------

--
-- Table structure for table `product`
--

CREATE TABLE `product` (
  `product_id` bigint(20) UNSIGNED NOT NULL,
  `store_id` int(11) NOT NULL,
  `product_name` varchar(255) COLLATE utf8mb4_unicode_ci NOT NULL,
  `product_lanjutan` int(11) NOT NULL COMMENT 'lanjutan dari product tertentu',
  `product_durasi` int(11) NOT NULL COMMENT 'menit',
  `product_dbend` int(11) NOT NULL COMMENT 'alert durasi before  end (menit)',
  `product_description` varchar(255) COLLATE utf8mb4_unicode_ci DEFAULT NULL,
  `category_id` int(11) NOT NULL,
  `unit_id` int(11) NOT NULL,
  `product_countlimit` int(11) NOT NULL COMMENT 'jumlah rekomendasi stock',
  `product_stock` int(11) NOT NULL,
  `product_picture` text COLLATE utf8mb4_unicode_ci DEFAULT NULL,
  `product_datetime` datetime DEFAULT current_timestamp(),
  `product_buy` int(11) NOT NULL,
  `product_sell` int(11) NOT NULL,
  `product_ube` varchar(20) COLLATE utf8mb4_unicode_ci DEFAULT NULL,
  `product_batch` varchar(50) COLLATE utf8mb4_unicode_ci DEFAULT NULL,
  `product_expiredate` date DEFAULT NULL,
  `product_type` int(11) NOT NULL COMMENT '0=barang, 1=jasa',
  `customer_name` varchar(100) COLLATE utf8mb4_unicode_ci NOT NULL,
  `transaction_id` int(11) NOT NULL,
  `product_bend` datetime DEFAULT NULL COMMENT 'alert before end (menit)',
  `product_end` datetime DEFAULT NULL COMMENT 'expired (menit)',
  `product_onoff` int(11) NOT NULL
) ENGINE=InnoDB DEFAULT CHARSET=utf8mb4 COLLATE=utf8mb4_unicode_ci;

--
-- Dumping data for table `product`
--

INSERT INTO `product` (`product_id`, `store_id`, `product_name`, `product_lanjutan`, `product_durasi`, `product_dbend`, `product_description`, `category_id`, `unit_id`, `product_countlimit`, `product_stock`, `product_picture`, `product_datetime`, `product_buy`, `product_sell`, `product_ube`, `product_batch`, `product_expiredate`, `product_type`, `customer_name`, `transaction_id`, `product_bend`, `product_end`, `product_onoff`) VALUES
(5, 0, 'Charge Fasilitas', 0, 0, 0, '', 20, 17, 0, 2, NULL, '2023-03-11 17:18:41', 0, 50000, 'UBE230311171750', NULL, NULL, 1, '0', 0, NULL, NULL, 1),
(6, 0, 'Loker 1', 0, 0, 0, '', 19, 0, 0, 2, NULL, '2023-03-11 17:24:34', 0, 10000, 'UBE230311172233', NULL, NULL, 1, '0', 0, NULL, NULL, 1),
(7, 0, 'Loker 2', 0, 0, 0, '', 19, 0, 0, 0, NULL, '2023-03-11 17:24:57', 0, 10000, 'UBE230311172441', NULL, NULL, 1, '0', 0, NULL, NULL, 1),
(8, 0, 'Loker 3', 0, 0, 0, '', 19, 0, 0, 0, NULL, '2023-03-11 17:25:22', 0, 10000, 'UBE230311172509', NULL, NULL, 1, '0', 0, NULL, NULL, 1),
(9, 0, 'Room 1', 0, 45, 15, '', 21, 0, 0, 6, NULL, '2023-03-11 22:52:39', 0, 50000, 'UBE230311225209', NULL, NULL, 1, '0', 0, NULL, NULL, 1),
(10, 0, 'Room 1 Lanjutan', 9, 30, 15, '', 23, 0, 0, 1, NULL, '2023-03-11 22:54:14', 0, 60000, 'UBE230311225344', NULL, NULL, 1, '0', 7, '2023-03-24 00:03:00', '2023-03-24 00:18:00', 1),
(11, 0, 'Room 2', 0, 45, 15, '', 21, 0, 0, 8, NULL, '2023-03-11 23:06:45', 0, 50000, 'UBE230311230635', NULL, NULL, 1, '0', 10, '2023-03-25 04:15:00', '2023-03-25 04:30:00', 1),
(12, 0, 'Room 2 Lanjutan', 11, 30, 15, '', 23, 0, 0, 3, NULL, '2023-03-11 23:11:31', 0, 60000, 'UBE230311231106', NULL, NULL, 1, '0', 0, NULL, NULL, 1);

-- --------------------------------------------------------

--
-- Table structure for table `promo`
--

CREATE TABLE `promo` (
  `promo_id` bigint(20) UNSIGNED NOT NULL,
  `promo_name` varchar(255) COLLATE utf8mb4_unicode_ci NOT NULL,
  `promo_price` int(11) NOT NULL,
  `promo_type` int(11) NOT NULL COMMENT '0=nominal, 1=persen',
  `promo_min` int(11) NOT NULL COMMENT 'minimal pembelian',
  `promo_max` int(11) NOT NULL COMMENT 'maksimal harga promo',
  `promo_date_active` timestamp NOT NULL DEFAULT current_timestamp(),
  `promo_date_deactive` timestamp NOT NULL DEFAULT current_timestamp(),
  `created_at` timestamp NULL DEFAULT NULL,
  `updated_at` timestamp NULL DEFAULT NULL
) ENGINE=InnoDB DEFAULT CHARSET=utf8mb4 COLLATE=utf8mb4_unicode_ci;

-- --------------------------------------------------------

--
-- Table structure for table `promoprod`
--

CREATE TABLE `promoprod` (
  `promoprod_id` bigint(20) UNSIGNED NOT NULL,
  `promo_id` int(11) NOT NULL,
  `product_id` int(11) NOT NULL,
  `promoprod_qty` int(11) NOT NULL COMMENT 'jumlah minimal product',
  `created_at` timestamp NULL DEFAULT NULL,
  `updated_at` timestamp NULL DEFAULT NULL
) ENGINE=InnoDB DEFAULT CHARSET=utf8mb4 COLLATE=utf8mb4_unicode_ci;

-- --------------------------------------------------------

--
-- Table structure for table `purchase`
--

CREATE TABLE `purchase` (
  `purchase_id` int(11) NOT NULL,
  `purchase_no` varchar(20) NOT NULL,
  `purchase_date` date NOT NULL,
  `supplier_id` int(11) NOT NULL,
  `purchase_datetime` datetime NOT NULL DEFAULT current_timestamp(),
  `store_id` int(11) NOT NULL,
  `cashier_id` int(11) NOT NULL,
  `purchase_ppn` int(11) NOT NULL
) ENGINE=InnoDB DEFAULT CHARSET=utf8mb4;

--
-- Dumping data for table `purchase`
--

INSERT INTO `purchase` (`purchase_id`, `purchase_no`, `purchase_date`, `supplier_id`, `purchase_datetime`, `store_id`, `cashier_id`, `purchase_ppn`) VALUES
(1, 'PUR202303091437200', '2023-03-09', 2, '2023-03-09 14:37:20', 0, 1, 0);

-- --------------------------------------------------------

--
-- Table structure for table `purchased`
--

CREATE TABLE `purchased` (
  `purchased_id` int(11) NOT NULL,
  `purchase_id` int(11) NOT NULL,
  `product_id` int(11) NOT NULL,
  `purchased_qty` int(11) NOT NULL,
  `purchased_price` int(11) NOT NULL COMMENT 'Harga total pembelian (ukan satuan)',
  `purchased_bill` int(11) NOT NULL,
  `purchased_ppn` int(11) NOT NULL,
  `store_id` int(11) NOT NULL,
  `purchased_outdate` date DEFAULT NULL,
  `purchased_batch` varchar(100) NOT NULL
) ENGINE=InnoDB DEFAULT CHARSET=utf8mb4;

--
-- Dumping data for table `purchased`
--

INSERT INTO `purchased` (`purchased_id`, `purchase_id`, `product_id`, `purchased_qty`, `purchased_price`, `purchased_bill`, `purchased_ppn`, `store_id`, `purchased_outdate`, `purchased_batch`) VALUES
(1, 1, 1, 100, 1000000, 1000000, 0, 0, '2023-03-09', '');

-- --------------------------------------------------------

--
-- Table structure for table `room`
--

CREATE TABLE `room` (
  `room_id` int(11) NOT NULL,
  `room_name` varchar(100) NOT NULL,
  `store_id` int(11) NOT NULL,
  `room_status` int(11) NOT NULL COMMENT '0=off, 1=on\r\n\r\n',
  `transaction_id` int(11) NOT NULL,
  `room_customer` varchar(100) NOT NULL,
  `room_loker` varchar(100) NOT NULL
) ENGINE=InnoDB DEFAULT CHARSET=utf8mb4;

--
-- Dumping data for table `room`
--

INSERT INTO `room` (`room_id`, `room_name`, `store_id`, `room_status`, `transaction_id`, `room_customer`, `room_loker`) VALUES
(1, 'VVIP 1', 0, 0, 0, '', ''),
(2, 'VVIP 2', 0, 0, 0, '', ''),
(3, 'VIP', 0, 0, 0, '', ''),
(4, '1', 0, 1, 0, 'Andi', '10'),
(5, '2', 0, 0, 0, '', ''),
(6, '3', 0, 2, 0, 'Dwi', '3'),
(7, '4', 0, 1, 0, 'Valentina', '5'),
(8, '5', 0, 0, 0, '', ''),
(9, '6', 0, 0, 0, '', ''),
(10, '7', 0, 0, 0, '', ''),
(11, '8', 0, 0, 0, '', ''),
(12, '9', 0, 0, 0, '', ''),
(13, '10', 0, 0, 0, '', '');

-- --------------------------------------------------------

--
-- Table structure for table `sell`
--

CREATE TABLE `sell` (
  `sell_id` bigint(20) UNSIGNED NOT NULL,
  `sell_price` int(11) NOT NULL,
  `product_id` int(11) NOT NULL,
  `buy_date_active` timestamp NOT NULL DEFAULT current_timestamp() ON UPDATE current_timestamp(),
  `created_at` timestamp NULL DEFAULT NULL,
  `updated_at` timestamp NULL DEFAULT NULL
) ENGINE=InnoDB DEFAULT CHARSET=utf8mb4 COLLATE=utf8mb4_unicode_ci;

-- --------------------------------------------------------

--
-- Table structure for table `sessions`
--

CREATE TABLE `sessions` (
  `id` varchar(255) COLLATE utf8mb4_unicode_ci NOT NULL,
  `user_id` bigint(20) UNSIGNED DEFAULT NULL,
  `ip_address` varchar(45) COLLATE utf8mb4_unicode_ci DEFAULT NULL,
  `user_agent` text COLLATE utf8mb4_unicode_ci DEFAULT NULL,
  `payload` text COLLATE utf8mb4_unicode_ci NOT NULL,
  `last_activity` int(11) NOT NULL
) ENGINE=InnoDB DEFAULT CHARSET=utf8mb4 COLLATE=utf8mb4_unicode_ci;

-- --------------------------------------------------------

--
-- Table structure for table `store`
--

CREATE TABLE `store` (
  `store_id` bigint(20) UNSIGNED NOT NULL,
  `company_id` int(11) NOT NULL,
  `store_name` varchar(255) COLLATE utf8mb4_unicode_ci NOT NULL,
  `store_address` text COLLATE utf8mb4_unicode_ci NOT NULL,
  `store_phone` varchar(255) COLLATE utf8mb4_unicode_ci NOT NULL,
  `store_wa` varchar(255) COLLATE utf8mb4_unicode_ci NOT NULL,
  `store_owner` varchar(255) COLLATE utf8mb4_unicode_ci NOT NULL,
  `store_noteinvoice` text COLLATE utf8mb4_unicode_ci NOT NULL,
  `store_picture` text COLLATE utf8mb4_unicode_ci NOT NULL,
  `store_datetime` datetime NOT NULL DEFAULT current_timestamp(),
  `store_active` tinyint(1) NOT NULL,
  `store_modal` int(11) NOT NULL DEFAULT 0 COMMENT 'modal awal',
  `store_kas` int(11) NOT NULL DEFAULT 0 COMMENT 'nominal kas realtime',
  `store_shift` int(11) NOT NULL DEFAULT 0 COMMENT 'shift berapa hari ini',
  `store_date` date NOT NULL COMMENT 'shift tanggal berapa',
  `store_posisishift` varchar(10) COLLATE utf8mb4_unicode_ci NOT NULL DEFAULT 'keluar' COMMENT 'masuk,keluar',
  `modal_id` int(11) NOT NULL,
  `store_web` varchar(255) COLLATE utf8mb4_unicode_ci NOT NULL,
  `store_member` int(11) NOT NULL,
  `store_akun` int(11) NOT NULL
) ENGINE=InnoDB DEFAULT CHARSET=utf8mb4 COLLATE=utf8mb4_unicode_ci;

--
-- Dumping data for table `store`
--

INSERT INTO `store` (`store_id`, `company_id`, `store_name`, `store_address`, `store_phone`, `store_wa`, `store_owner`, `store_noteinvoice`, `store_picture`, `store_datetime`, `store_active`, `store_modal`, `store_kas`, `store_shift`, `store_date`, `store_posisishift`, `modal_id`, `store_web`, `store_member`, `store_akun`) VALUES
(0, 0, 'Qithy Spa', 'Gg.Cempedak No.34 Rt 4/1, Pasirputih, Sawangan, Depo.', '08567148813', '08567148813', 'ihsan', '<p>Barang tidak dapat ditukar.</p>', '17_05_56_spa.png', '2022-12-12 00:00:00', 1, 150000, 1592000, 1, '2023-03-09', 'masuk', 0, '', 1, 1),
(1, 0, 'Apotek Insani', 'Pasir Putih, Depok.', '081388974601', '081388974601', 'Bpk. Wawan Ridwan', '<p style=\"text-align: center;\">Terimakasih atas kunjungan anda.</p>\r\n<p style=\"text-align: center;\">Barang yg sudah dibeli tidak dapat dikembalikan.</p>\r\n<p style=\"text-align: center;\">&nbsp;</p>\r\n<p style=\"text-align: center;\">GRATIS ONGKIR PEMESANAN ONLINE</p>\r\n<p style=\"text-align: center;\">&nbsp;</p>\r\n<p style=\"text-align: center;\">www.apotekinsani.com</p>\r\n<p style=\"text-align: center;\">Minimal pempelian Rp.50.000,-</p>\r\n<p style=\"text-align: center;\">sadfasdfs</p>', '10_44_48_08_08_26_apotek.png', '2022-12-25 06:30:33', 0, 100000, 100000, 1, '2023-01-21', 'masuk', 78, 'apotekinsani.com', 0, 1);

-- --------------------------------------------------------

--
-- Table structure for table `supplier`
--

CREATE TABLE `supplier` (
  `supplier_id` int(11) NOT NULL,
  `supplier_name` varchar(255) NOT NULL,
  `supplier_address` text NOT NULL,
  `supplier_phone` varchar(20) NOT NULL,
  `store_id` int(11) NOT NULL,
  `supplier_bill` int(11) NOT NULL
) ENGINE=InnoDB DEFAULT CHARSET=utf8mb4;

--
-- Dumping data for table `supplier`
--

INSERT INTO `supplier` (`supplier_id`, `supplier_name`, `supplier_address`, `supplier_phone`, `store_id`, `supplier_bill`) VALUES
(1, 'PT.ABC', 'Jl.ABC No.123, Jakut', '0856741528', 0, 359544),
(2, 'CV.GHJ', 'Jl.GHJ, NO.45 , Bekasi Utara', '021-524658', 0, 1000011),
(4, 'PT.  Berkat Mahkota Putra', '', '', 1, 18479750),
(5, 'PT.Bintang Semesta Farma', '', '', 1, 288491031),
(7, 'PT. Marga Nusantara', '', '', 1, 0),
(8, 'PT. Daya Muda Agung', '', '', 1, 0),
(9, 'Apotek Tara', '', '', 1, 397792);

-- --------------------------------------------------------

--
-- Table structure for table `tranedit`
--

CREATE TABLE `tranedit` (
  `tranedit_id` bigint(20) UNSIGNED NOT NULL,
  `transaction_id` int(11) NOT NULL,
  `tranprod_id` int(11) NOT NULL,
  `pic_id` int(11) NOT NULL COMMENT 'user_id jabatan pic',
  `tranedit_time` timestamp NOT NULL DEFAULT current_timestamp() ON UPDATE current_timestamp(),
  `created_at` timestamp NULL DEFAULT NULL,
  `updated_at` timestamp NULL DEFAULT NULL
) ENGINE=InnoDB DEFAULT CHARSET=utf8mb4 COLLATE=utf8mb4_unicode_ci;

-- --------------------------------------------------------

--
-- Table structure for table `tranpromo`
--

CREATE TABLE `tranpromo` (
  `tranpromo_id` bigint(20) UNSIGNED NOT NULL,
  `transaction_id` int(11) NOT NULL,
  `promo_id` int(11) NOT NULL,
  `created_at` timestamp NULL DEFAULT NULL,
  `updated_at` timestamp NULL DEFAULT NULL
) ENGINE=InnoDB DEFAULT CHARSET=utf8mb4 COLLATE=utf8mb4_unicode_ci;

-- --------------------------------------------------------

--
-- Table structure for table `transaction`
--

CREATE TABLE `transaction` (
  `transaction_id` bigint(20) UNSIGNED NOT NULL,
  `transaction_datetime` datetime NOT NULL DEFAULT current_timestamp() ON UPDATE current_timestamp(),
  `transaction_date` date NOT NULL,
  `transaction_no` varchar(30) COLLATE utf8mb4_unicode_ci NOT NULL,
  `company_id` int(11) NOT NULL,
  `store_id` int(11) NOT NULL,
  `cashier_id` int(11) NOT NULL COMMENT 'user_id jabatan kasir',
  `pic_id` int(11) DEFAULT NULL COMMENT 'user_id jabatan pic',
  `member_id` int(11) DEFAULT NULL COMMENT 'member',
  `transaction_bill` int(11) DEFAULT NULL,
  `transaction_pay` int(11) DEFAULT NULL COMMENT 'jumlah bayar',
  `transaction_change` int(11) DEFAULT NULL COMMENT 'jumlah kembalian',
  `transaction_status` int(11) NOT NULL COMMENT '0=sukses, 1=batal, 2=pending',
  `transaction_message` int(11) DEFAULT NULL COMMENT '0=send, 1=gagal',
  `transaction_shift` int(11) NOT NULL,
  `account_id` int(11) NOT NULL
) ENGINE=InnoDB DEFAULT CHARSET=utf8mb4 COLLATE=utf8mb4_unicode_ci;

--
-- Dumping data for table `transaction`
--

INSERT INTO `transaction` (`transaction_id`, `transaction_datetime`, `transaction_date`, `transaction_no`, `company_id`, `store_id`, `cashier_id`, `pic_id`, `member_id`, `transaction_bill`, `transaction_pay`, `transaction_change`, `transaction_status`, `transaction_message`, `transaction_shift`, `account_id`) VALUES
(9, '2023-03-24 02:10:53', '2023-03-24', 'POS202303240210530', 0, 0, 1, NULL, NULL, NULL, NULL, NULL, 2, NULL, 1, 0),
(10, '2023-03-25 00:11:44', '2023-03-25', 'POS202303250011440', 0, 0, 1, NULL, NULL, NULL, NULL, NULL, 2, NULL, 1, 0);

-- --------------------------------------------------------

--
-- Table structure for table `transactiond`
--

CREATE TABLE `transactiond` (
  `transactiond_id` bigint(20) UNSIGNED NOT NULL,
  `transaction_id` int(11) NOT NULL,
  `product_id` int(11) NOT NULL,
  `transactiond_qty` int(11) NOT NULL,
  `transactiond_price` text COLLATE utf8mb4_unicode_ci NOT NULL,
  `store_id` int(11) NOT NULL,
  `transactiond_datetime` datetime NOT NULL DEFAULT current_timestamp(),
  `room_id` int(11) NOT NULL,
  `transactiond_start` datetime DEFAULT NULL,
  `transactiond_bend` datetime DEFAULT NULL,
  `transactiond_end` datetime DEFAULT NULL
) ENGINE=InnoDB DEFAULT CHARSET=utf8mb4 COLLATE=utf8mb4_unicode_ci;

--
-- Dumping data for table `transactiond`
--

INSERT INTO `transactiond` (`transactiond_id`, `transaction_id`, `product_id`, `transactiond_qty`, `transactiond_price`, `store_id`, `transactiond_datetime`, `room_id`, `transactiond_start`, `transactiond_bend`, `transactiond_end`) VALUES
(21, 9, 11, 1, '50000', 0, '2023-03-24 03:13:46', 0, '2023-03-24 03:13:00', '2023-03-24 03:43:00', '2023-03-24 03:58:00'),
(26, 10, 11, 1, '50000', 0, '2023-03-25 03:45:06', 0, '2023-03-25 03:45:00', '2023-03-25 04:15:00', '2023-03-25 04:30:00');

-- --------------------------------------------------------

--
-- Table structure for table `unit`
--

CREATE TABLE `unit` (
  `unit_id` int(11) NOT NULL,
  `unit_name` varchar(100) NOT NULL,
  `store_id` int(11) NOT NULL,
  `unit_datetime` datetime NOT NULL DEFAULT current_timestamp()
) ENGINE=InnoDB DEFAULT CHARSET=utf8mb4;

--
-- Dumping data for table `unit`
--

INSERT INTO `unit` (`unit_id`, `unit_name`, `store_id`, `unit_datetime`) VALUES
(1, 'PCS', 0, '2022-12-15 06:21:46'),
(2, 'Kaplet', 0, '2022-12-15 06:21:53'),
(3, 'Tablet', 0, '2022-12-15 06:22:02'),
(5, 'Strip', 0, '2022-12-15 06:30:39'),
(6, 'Botol', 0, '2022-12-15 06:30:50'),
(7, 'Pcs', 1, '2022-12-25 06:41:22'),
(8, 'Botol', 1, '2022-12-25 06:41:28'),
(9, 'SUPP', 1, '2022-12-26 14:02:33'),
(10, 'Strip', 1, '2022-12-26 14:02:52'),
(11, 'Tube', 1, '2022-12-26 14:03:02'),
(12, 'Pot', 1, '2022-12-26 14:03:10'),
(13, 'Sachet', 1, '2022-12-26 14:04:09'),
(14, 'Kaleng', 1, '2022-12-26 14:04:44'),
(15, 'Butir', 1, '2022-12-26 14:04:59'),
(16, 'Box', 1, '2022-12-26 14:05:31'),
(17, 'Unit', 0, '2023-03-07 20:11:38');

-- --------------------------------------------------------

--
-- Table structure for table `user`
--

CREATE TABLE `user` (
  `user_id` bigint(20) UNSIGNED NOT NULL,
  `store_id` int(11) NOT NULL,
  `user_name` varchar(255) COLLATE utf8mb4_unicode_ci NOT NULL,
  `user_email` varchar(255) COLLATE utf8mb4_unicode_ci NOT NULL,
  `user_password` varchar(255) COLLATE utf8mb4_unicode_ci NOT NULL,
  `user_wa` varchar(50) COLLATE utf8mb4_unicode_ci NOT NULL,
  `user_npwp` varchar(100) COLLATE utf8mb4_unicode_ci NOT NULL,
  `user_address` text COLLATE utf8mb4_unicode_ci NOT NULL,
  `user_picture` text COLLATE utf8mb4_unicode_ci DEFAULT NULL,
  `position_id` int(11) DEFAULT NULL,
  `user_datetime` datetime DEFAULT current_timestamp()
) ENGINE=InnoDB DEFAULT CHARSET=utf8mb4 COLLATE=utf8mb4_unicode_ci;

--
-- Dumping data for table `user`
--

INSERT INTO `user` (`user_id`, `store_id`, `user_name`, `user_email`, `user_password`, `user_wa`, `user_npwp`, `user_address`, `user_picture`, `position_id`, `user_datetime`) VALUES
(1, 0, 'Ihsan', 'ihsan.dulu@gmail.com', '$2y$10$3wtEkfBBnjb86cwt6o28G.CTmIdbtOgko.vMaezQRiKLIHOKrR21e', '08567148813', '12346', 'asdfafasddf', 'user.png', 5, '2022-07-14 06:54:08'),
(12, 0, 'Dudung', 'dudung@mail.com', '$2y$10$kvgnPzZ4b5t6AzJbdZft1es3n3X9tzLCOlgk0XIhunjnk.FghCCIu', '09776', 'sdfsdf', 'sdfsdf', NULL, 4, '2022-12-12 08:09:39'),
(13, 1, 'ihsandulu', 'ihsan.dulu@gmail.com', '$2y$10$3wtEkfBBnjb86cwt6o28G.CTmIdbtOgko.vMaezQRiKLIHOKrR21e', '', '', '', NULL, 8, '2022-12-25 06:33:14'),
(14, 1, 'Dudung', 'dudung@mail.com', '$2y$10$ldpGUFp4BFhPHvG/hJ8nJeVPPxBanpcLYQseukLpU3LtvFMpiqgxK', '08567148813', '', '', NULL, 10, '2022-12-25 06:39:39'),
(15, 1, 'Safitri', 'safitri@mail.com', '$2y$10$h1rYN8rFI77vPp5G.4qKxev9l2tPMOHZfHxUVBVJWGWmWKiO0TqdK', '089663370002', '', '', NULL, 10, '2022-12-26 10:19:00'),
(16, 1, 'Karin', 'karinnindia@gmail.com', '$2y$10$dmHVkMD06McOg7nUXmQmR.stvrwVVIWKsmDOgDt01cb8T1ZXZocXe', '085721306736', '', '', NULL, 10, '2022-12-26 10:19:00'),
(17, 1, 'Wawan Ridwan', 'apotekinsani57@gmail.com', '$2y$10$rj5fEGzvCYRLqngCBvdD2.EpWEzdackqMAXK5oFUUd7yGoi2UvVxu', '081388974601', '', '', NULL, 9, '2022-12-26 10:21:33');

-- --------------------------------------------------------

--
-- Table structure for table `users`
--

CREATE TABLE `users` (
  `id` bigint(20) UNSIGNED NOT NULL,
  `name` varchar(255) COLLATE utf8mb4_unicode_ci NOT NULL,
  `email` varchar(255) COLLATE utf8mb4_unicode_ci NOT NULL,
  `email_verified_at` timestamp NULL DEFAULT NULL,
  `password` varchar(255) COLLATE utf8mb4_unicode_ci NOT NULL,
  `remember_token` varchar(100) COLLATE utf8mb4_unicode_ci DEFAULT NULL,
  `created_at` timestamp NULL DEFAULT NULL,
  `updated_at` timestamp NULL DEFAULT NULL
) ENGINE=InnoDB DEFAULT CHARSET=utf8mb4 COLLATE=utf8mb4_unicode_ci;

--
-- Indexes for dumped tables
--

--
-- Indexes for table `account`
--
ALTER TABLE `account`
  ADD PRIMARY KEY (`account_id`);

--
-- Indexes for table `bank`
--
ALTER TABLE `bank`
  ADD PRIMARY KEY (`bank_id`);

--
-- Indexes for table `buy`
--
ALTER TABLE `buy`
  ADD PRIMARY KEY (`buy_id`);

--
-- Indexes for table `category`
--
ALTER TABLE `category`
  ADD PRIMARY KEY (`category_id`);

--
-- Indexes for table `company`
--
ALTER TABLE `company`
  ADD PRIMARY KEY (`company_id`);

--
-- Indexes for table `courier`
--
ALTER TABLE `courier`
  ADD PRIMARY KEY (`courier_id`);

--
-- Indexes for table `dollar`
--
ALTER TABLE `dollar`
  ADD PRIMARY KEY (`dollar_id`);

--
-- Indexes for table `euro`
--
ALTER TABLE `euro`
  ADD PRIMARY KEY (`euro_id`);

--
-- Indexes for table `failed_jobs`
--
ALTER TABLE `failed_jobs`
  ADD PRIMARY KEY (`id`),
  ADD UNIQUE KEY `failed_jobs_uuid_unique` (`uuid`);

--
-- Indexes for table `identity`
--
ALTER TABLE `identity`
  ADD PRIMARY KEY (`identity_id`);

--
-- Indexes for table `kas`
--
ALTER TABLE `kas`
  ADD PRIMARY KEY (`kas_id`);

--
-- Indexes for table `loker`
--
ALTER TABLE `loker`
  ADD PRIMARY KEY (`loker_id`);

--
-- Indexes for table `memaddress`
--
ALTER TABLE `memaddress`
  ADD PRIMARY KEY (`memaddress_id`);

--
-- Indexes for table `member`
--
ALTER TABLE `member`
  ADD PRIMARY KEY (`member_id`),
  ADD UNIQUE KEY `member_member_email_unique` (`member_email`),
  ADD UNIQUE KEY `member_no` (`member_no`);

--
-- Indexes for table `migrations`
--
ALTER TABLE `migrations`
  ADD PRIMARY KEY (`id`);

--
-- Indexes for table `modal`
--
ALTER TABLE `modal`
  ADD PRIMARY KEY (`modal_id`);

--
-- Indexes for table `pages`
--
ALTER TABLE `pages`
  ADD PRIMARY KEY (`pages_id`);

--
-- Indexes for table `password_resets`
--
ALTER TABLE `password_resets`
  ADD KEY `password_resets_email_index` (`email`);

--
-- Indexes for table `payment`
--
ALTER TABLE `payment`
  ADD PRIMARY KEY (`payment_id`);

--
-- Indexes for table `personal_access_tokens`
--
ALTER TABLE `personal_access_tokens`
  ADD PRIMARY KEY (`id`),
  ADD UNIQUE KEY `personal_access_tokens_token_unique` (`token`),
  ADD KEY `personal_access_tokens_tokenable_type_tokenable_id_index` (`tokenable_type`,`tokenable_id`);

--
-- Indexes for table `position`
--
ALTER TABLE `position`
  ADD PRIMARY KEY (`position_id`);

--
-- Indexes for table `positionm`
--
ALTER TABLE `positionm`
  ADD PRIMARY KEY (`positionm_id`);

--
-- Indexes for table `positionpages`
--
ALTER TABLE `positionpages`
  ADD PRIMARY KEY (`positionpages_id`);

--
-- Indexes for table `ppn`
--
ALTER TABLE `ppn`
  ADD PRIMARY KEY (`ppn_id`);

--
-- Indexes for table `product`
--
ALTER TABLE `product`
  ADD PRIMARY KEY (`product_id`);

--
-- Indexes for table `promo`
--
ALTER TABLE `promo`
  ADD PRIMARY KEY (`promo_id`);

--
-- Indexes for table `promoprod`
--
ALTER TABLE `promoprod`
  ADD PRIMARY KEY (`promoprod_id`);

--
-- Indexes for table `purchase`
--
ALTER TABLE `purchase`
  ADD PRIMARY KEY (`purchase_id`);

--
-- Indexes for table `purchased`
--
ALTER TABLE `purchased`
  ADD PRIMARY KEY (`purchased_id`);

--
-- Indexes for table `room`
--
ALTER TABLE `room`
  ADD PRIMARY KEY (`room_id`);

--
-- Indexes for table `sell`
--
ALTER TABLE `sell`
  ADD PRIMARY KEY (`sell_id`);

--
-- Indexes for table `sessions`
--
ALTER TABLE `sessions`
  ADD PRIMARY KEY (`id`),
  ADD KEY `sessions_user_id_index` (`user_id`),
  ADD KEY `sessions_last_activity_index` (`last_activity`);

--
-- Indexes for table `store`
--
ALTER TABLE `store`
  ADD PRIMARY KEY (`store_id`);

--
-- Indexes for table `supplier`
--
ALTER TABLE `supplier`
  ADD PRIMARY KEY (`supplier_id`);

--
-- Indexes for table `tranedit`
--
ALTER TABLE `tranedit`
  ADD PRIMARY KEY (`tranedit_id`);

--
-- Indexes for table `tranpromo`
--
ALTER TABLE `tranpromo`
  ADD PRIMARY KEY (`tranpromo_id`);

--
-- Indexes for table `transaction`
--
ALTER TABLE `transaction`
  ADD PRIMARY KEY (`transaction_id`);

--
-- Indexes for table `transactiond`
--
ALTER TABLE `transactiond`
  ADD PRIMARY KEY (`transactiond_id`);

--
-- Indexes for table `unit`
--
ALTER TABLE `unit`
  ADD PRIMARY KEY (`unit_id`);

--
-- Indexes for table `user`
--
ALTER TABLE `user`
  ADD PRIMARY KEY (`user_id`);

--
-- Indexes for table `users`
--
ALTER TABLE `users`
  ADD PRIMARY KEY (`id`),
  ADD UNIQUE KEY `users_email_unique` (`email`);

--
-- AUTO_INCREMENT for dumped tables
--

--
-- AUTO_INCREMENT for table `account`
--
ALTER TABLE `account`
  MODIFY `account_id` int(11) NOT NULL AUTO_INCREMENT, AUTO_INCREMENT=17;

--
-- AUTO_INCREMENT for table `bank`
--
ALTER TABLE `bank`
  MODIFY `bank_id` int(11) NOT NULL AUTO_INCREMENT, AUTO_INCREMENT=3;

--
-- AUTO_INCREMENT for table `buy`
--
ALTER TABLE `buy`
  MODIFY `buy_id` bigint(20) UNSIGNED NOT NULL AUTO_INCREMENT;

--
-- AUTO_INCREMENT for table `category`
--
ALTER TABLE `category`
  MODIFY `category_id` bigint(20) UNSIGNED NOT NULL AUTO_INCREMENT, AUTO_INCREMENT=24;

--
-- AUTO_INCREMENT for table `company`
--
ALTER TABLE `company`
  MODIFY `company_id` bigint(20) UNSIGNED NOT NULL AUTO_INCREMENT;

--
-- AUTO_INCREMENT for table `courier`
--
ALTER TABLE `courier`
  MODIFY `courier_id` int(11) NOT NULL AUTO_INCREMENT;

--
-- AUTO_INCREMENT for table `dollar`
--
ALTER TABLE `dollar`
  MODIFY `dollar_id` bigint(20) UNSIGNED NOT NULL AUTO_INCREMENT;

--
-- AUTO_INCREMENT for table `euro`
--
ALTER TABLE `euro`
  MODIFY `euro_id` bigint(20) UNSIGNED NOT NULL AUTO_INCREMENT;

--
-- AUTO_INCREMENT for table `failed_jobs`
--
ALTER TABLE `failed_jobs`
  MODIFY `id` bigint(20) UNSIGNED NOT NULL AUTO_INCREMENT;

--
-- AUTO_INCREMENT for table `identity`
--
ALTER TABLE `identity`
  MODIFY `identity_id` bigint(20) UNSIGNED NOT NULL AUTO_INCREMENT, AUTO_INCREMENT=2;

--
-- AUTO_INCREMENT for table `kas`
--
ALTER TABLE `kas`
  MODIFY `kas_id` int(11) NOT NULL AUTO_INCREMENT, AUTO_INCREMENT=462;

--
-- AUTO_INCREMENT for table `loker`
--
ALTER TABLE `loker`
  MODIFY `loker_id` int(11) NOT NULL AUTO_INCREMENT, AUTO_INCREMENT=6;

--
-- AUTO_INCREMENT for table `memaddress`
--
ALTER TABLE `memaddress`
  MODIFY `memaddress_id` bigint(20) UNSIGNED NOT NULL AUTO_INCREMENT;

--
-- AUTO_INCREMENT for table `member`
--
ALTER TABLE `member`
  MODIFY `member_id` bigint(20) UNSIGNED NOT NULL AUTO_INCREMENT, AUTO_INCREMENT=2;

--
-- AUTO_INCREMENT for table `migrations`
--
ALTER TABLE `migrations`
  MODIFY `id` int(10) UNSIGNED NOT NULL AUTO_INCREMENT, AUTO_INCREMENT=6;

--
-- AUTO_INCREMENT for table `modal`
--
ALTER TABLE `modal`
  MODIFY `modal_id` int(11) NOT NULL AUTO_INCREMENT, AUTO_INCREMENT=79;

--
-- AUTO_INCREMENT for table `pages`
--
ALTER TABLE `pages`
  MODIFY `pages_id` int(11) NOT NULL AUTO_INCREMENT, AUTO_INCREMENT=28;

--
-- AUTO_INCREMENT for table `payment`
--
ALTER TABLE `payment`
  MODIFY `payment_id` int(11) NOT NULL AUTO_INCREMENT;

--
-- AUTO_INCREMENT for table `personal_access_tokens`
--
ALTER TABLE `personal_access_tokens`
  MODIFY `id` bigint(20) UNSIGNED NOT NULL AUTO_INCREMENT;

--
-- AUTO_INCREMENT for table `position`
--
ALTER TABLE `position`
  MODIFY `position_id` bigint(20) UNSIGNED NOT NULL AUTO_INCREMENT, AUTO_INCREMENT=13;

--
-- AUTO_INCREMENT for table `positionm`
--
ALTER TABLE `positionm`
  MODIFY `positionm_id` int(11) NOT NULL AUTO_INCREMENT, AUTO_INCREMENT=6;

--
-- AUTO_INCREMENT for table `positionpages`
--
ALTER TABLE `positionpages`
  MODIFY `positionpages_id` int(11) NOT NULL AUTO_INCREMENT, AUTO_INCREMENT=69;

--
-- AUTO_INCREMENT for table `ppn`
--
ALTER TABLE `ppn`
  MODIFY `ppn_id` int(11) NOT NULL AUTO_INCREMENT, AUTO_INCREMENT=5;

--
-- AUTO_INCREMENT for table `product`
--
ALTER TABLE `product`
  MODIFY `product_id` bigint(20) UNSIGNED NOT NULL AUTO_INCREMENT, AUTO_INCREMENT=13;

--
-- AUTO_INCREMENT for table `promo`
--
ALTER TABLE `promo`
  MODIFY `promo_id` bigint(20) UNSIGNED NOT NULL AUTO_INCREMENT;

--
-- AUTO_INCREMENT for table `promoprod`
--
ALTER TABLE `promoprod`
  MODIFY `promoprod_id` bigint(20) UNSIGNED NOT NULL AUTO_INCREMENT;

--
-- AUTO_INCREMENT for table `purchase`
--
ALTER TABLE `purchase`
  MODIFY `purchase_id` int(11) NOT NULL AUTO_INCREMENT, AUTO_INCREMENT=2;

--
-- AUTO_INCREMENT for table `purchased`
--
ALTER TABLE `purchased`
  MODIFY `purchased_id` int(11) NOT NULL AUTO_INCREMENT, AUTO_INCREMENT=2;

--
-- AUTO_INCREMENT for table `room`
--
ALTER TABLE `room`
  MODIFY `room_id` int(11) NOT NULL AUTO_INCREMENT, AUTO_INCREMENT=14;

--
-- AUTO_INCREMENT for table `sell`
--
ALTER TABLE `sell`
  MODIFY `sell_id` bigint(20) UNSIGNED NOT NULL AUTO_INCREMENT;

--
-- AUTO_INCREMENT for table `store`
--
ALTER TABLE `store`
  MODIFY `store_id` bigint(20) UNSIGNED NOT NULL AUTO_INCREMENT, AUTO_INCREMENT=2;

--
-- AUTO_INCREMENT for table `supplier`
--
ALTER TABLE `supplier`
  MODIFY `supplier_id` int(11) NOT NULL AUTO_INCREMENT, AUTO_INCREMENT=10;

--
-- AUTO_INCREMENT for table `tranedit`
--
ALTER TABLE `tranedit`
  MODIFY `tranedit_id` bigint(20) UNSIGNED NOT NULL AUTO_INCREMENT;

--
-- AUTO_INCREMENT for table `tranpromo`
--
ALTER TABLE `tranpromo`
  MODIFY `tranpromo_id` bigint(20) UNSIGNED NOT NULL AUTO_INCREMENT;

--
-- AUTO_INCREMENT for table `transaction`
--
ALTER TABLE `transaction`
  MODIFY `transaction_id` bigint(20) UNSIGNED NOT NULL AUTO_INCREMENT, AUTO_INCREMENT=11;

--
-- AUTO_INCREMENT for table `transactiond`
--
ALTER TABLE `transactiond`
  MODIFY `transactiond_id` bigint(20) UNSIGNED NOT NULL AUTO_INCREMENT, AUTO_INCREMENT=27;

--
-- AUTO_INCREMENT for table `unit`
--
ALTER TABLE `unit`
  MODIFY `unit_id` int(11) NOT NULL AUTO_INCREMENT, AUTO_INCREMENT=18;

--
-- AUTO_INCREMENT for table `user`
--
ALTER TABLE `user`
  MODIFY `user_id` bigint(20) UNSIGNED NOT NULL AUTO_INCREMENT, AUTO_INCREMENT=18;

--
-- AUTO_INCREMENT for table `users`
--
ALTER TABLE `users`
  MODIFY `id` bigint(20) UNSIGNED NOT NULL AUTO_INCREMENT;
COMMIT;

/*!40101 SET CHARACTER_SET_CLIENT=@OLD_CHARACTER_SET_CLIENT */;
/*!40101 SET CHARACTER_SET_RESULTS=@OLD_CHARACTER_SET_RESULTS */;
/*!40101 SET COLLATION_CONNECTION=@OLD_COLLATION_CONNECTION */;
